item_id,forecastability_val,forecastability_std,forecastability_cat,season_strength_val,season_strength_std,season_strength_cat,trend_strength_val,trend_strength_std,trend_strength_cat,hurst_val,hurst_std,hurst_cat,cv_val,cv_std,cv_cat,missing_ratio_val,missing_ratio_std,missing_ratio_cat,cluster,group_name
108763,0.8705090386807853,0.2589819226384293,high,0.8324364235959664,0.3351271528080675,strong,0.9690073540336632,0.0619852919326736,strong,1.0,0.0,trending,0.3609557222323422,0.7219114444646838,stable,0.0,0.0,complete,0,HIGH_HIGH_HIGH
104560,0.870310442373898,0.259379115252204,high,0.8884500625898235,0.2230998748203529,strong,0.9884551917239928,0.0230896165520143,strong,1.0,0.0,trending,0.0699760443837074,0.1399520887674144,stable,0.0,0.0,complete,0,HIGH_HIGH_HIGH
104559,0.8642805193956342,0.2714389612087314,high,0.8519549001631657,0.2960901996736688,strong,0.98698234626937,0.0260353074612602,strong,1.0,0.0,trending,0.0792173386956689,0.1584346773913376,stable,0.0,0.0,complete,0,HIGH_HIGH_HIGH
100398,0.859924951727654,0.187225338214698,high,0.810384960747373,0.2535912058702397,strong,0.9989856615195316,0.0019483068255046,strong,1.0,0.0,trending,0.3383623640474601,0.4180234315175276,stable,0.0,0.0,complete,0,HIGH_HIGH_HIGH
109697,0.8581993898324054,0.2836012203351891,high,0.8359470361818693,0.3281059276362614,strong,0.9934160772354594,0.0131678455290811,strong,1.0,0.0,trending,0.1327149729948463,0.2654299459896922,stable,0.0,0.0,complete,0,HIGH_HIGH_HIGH
100408,0.8551787548020162,0.1956874681917763,high,0.8454257372811727,0.2515902383757966,strong,0.9982463952553218,0.0034249335070061,strong,0.997137932092776,0.002862067907224,trending,0.3829366875886574,0.475975426344685,stable,0.0,0.0,complete,0,HIGH_HIGH_HIGH
104163,0.845232556159012,0.1906824709893447,high,0.735306043226223,0.3276582084379754,strong,0.99729598661885,0.0033386344214229,strong,1.0,0.0,trending,0.3265342223660851,0.4104954496391406,stable,0.0,0.0,complete,0,HIGH_HIGH_HIGH
110575,0.8349068202844663,0.3301863594310676,high,0.8313728741493914,0.3372542517012169,strong,0.9523714796413952,0.0952570407172096,strong,1.0,0.0,trending,0.1578611096728179,0.3157222193456354,stable,0.0,0.0,complete,0,HIGH_HIGH_HIGH
106609,0.8286108419130604,0.2102316985154651,high,0.95638179174349,0.054074732775012,strong,0.8271158558847876,0.2123546406998736,strong,0.9817565361355356,0.0182434638644644,trending,0.3061064177626162,0.3866915236837812,stable,0.0,0.0,complete,0,HIGH_HIGH_HIGH
107805,0.8285843058898248,0.2105534164908412,high,0.7115706092269978,0.356043837796344,strong,0.9957599285377244,0.0068293167166464,strong,0.9580320157652328,0.0419679842347673,trending,0.2147005618937921,0.2688136877006734,stable,0.0,0.0,complete,0,HIGH_HIGH_HIGH
111815,0.8281621229149083,0.2109337238161379,high,0.9653406491824768,0.0476048976897763,strong,0.9349882020945982,0.0857060673455343,strong,1.0,0.0,trending,0.4171164725191293,0.5108617435851669,stable,0.0,0.0,complete,0,HIGH_HIGH_HIGH
109478,0.8279477507787236,0.2109367946938641,high,0.9607024273964452,0.0482754697202353,strong,0.8173236961046058,0.2270513874674208,strong,0.9392746873846636,0.0156827557381165,trending,0.3020337773164071,0.3701476899851684,stable,0.0,0.0,complete,0,HIGH_HIGH_HIGH
106232,0.8278456090680318,0.3443087818639363,high,0.8264869521504459,0.3470260956991083,strong,0.9062159342971016,0.187568131405797,strong,1.0,0.0,trending,0.1062389595086031,0.2124779190172059,stable,0.0,0.0,complete,0,HIGH_HIGH_HIGH
110835,0.827557176572375,0.213174512354842,high,0.792571399981236,0.2640119976362076,strong,0.9946018143105292,0.0072580671632155,strong,1.0,0.0,trending,0.5359571907726715,0.6565019198473977,moderate,0.0,0.0,complete,0,HIGH_HIGH_HIGH
107297,0.8274026861456457,0.2119646147385033,high,0.9548612647501576,0.055970337119924,strong,0.8436179808613818,0.1922888549326229,strong,0.9380498439874672,0.0470829046534817,trending,0.2727201705588725,0.3361981560353149,stable,0.0,0.0,complete,0,HIGH_HIGH_HIGH
107775,0.8265818164197141,0.3468363671605718,high,0.8109619781972338,0.3780760436055323,strong,0.942941912034808,0.1141161759303842,strong,1.0,0.0,trending,0.2319470413618926,0.4638940827237848,stable,0.0,0.0,complete,0,HIGH_HIGH_HIGH
109923,0.8261736313681854,0.2130687273274532,high,0.9635130848870952,0.0455308568980171,strong,0.9891862580418508,0.0136675347505233,strong,1.0,0.0,trending,0.4919565102186242,0.6164697597421042,stable,0.0,0.0,complete,0,HIGH_HIGH_HIGH
109915,0.8261188509790773,0.2131220654774817,high,0.9553362142382392,0.056663514869181,strong,0.9863774675685476,0.0176456976660936,strong,1.0,0.0,trending,0.4772936173064174,0.604401836768082,stable,0.0,0.0,complete,0,HIGH_HIGH_HIGH
107804,0.8258402480558434,0.2142096586471703,high,0.6609624629529858,0.4235803874123894,strong,0.9853268023503092,0.0239329913395393,strong,0.9587560290300504,0.0412439709699495,trending,0.1820127243881292,0.2450735967219962,stable,0.0,0.0,complete,0,HIGH_HIGH_HIGH
108669,0.8258010759045333,0.2135688879270024,high,0.96057694791879,0.0483396099828277,strong,0.8703571828809593,0.1591060589927682,strong,0.999590408717174,0.0004095912828259,trending,0.3411276933896306,0.4209304197387777,stable,0.0,0.0,complete,0,HIGH_HIGH_HIGH
100388,0.8244168807901311,0.2154821280300598,high,0.902541416014851,0.1470233276088513,strong,0.962647814719454,0.0632094453955448,strong,1.0,0.0,trending,0.5323353766124195,0.6694297714708173,moderate,0.0,0.0,complete,0,HIGH_HIGH_HIGH
110463,0.8242718872627386,0.2242945961022255,high,0.8273331916634209,0.2494705465686446,strong,0.9433226822948784,0.1055431590080475,strong,1.0,0.0,trending,0.5502286212571513,0.7666987603665018,moderate,0.0,0.0,complete,0,HIGH_HIGH_HIGH
108497,0.8233834964577185,0.2165168628812611,high,0.961748204357882,0.0491736153819643,strong,0.9401684489560556,0.0821766225215909,strong,1.0,0.0,trending,0.3829694429003352,0.4730799886240788,stable,0.0,0.0,complete,0,HIGH_HIGH_HIGH
109814,0.8229291955810624,0.2170640456274483,high,0.9548085907092948,0.0556448391935648,strong,0.8281380346232868,0.2163593451438187,strong,0.9499333210582194,0.0500666789417806,trending,0.2870990770543458,0.3565088037341448,stable,0.0,0.0,complete,0,HIGH_HIGH_HIGH
105228,0.8227154612030587,0.2282123757334618,high,0.9092851617432912,0.1645379991875635,strong,0.9903499365932492,0.0135285784917622,strong,1.0,0.0,trending,0.3855276049592325,0.5911936704042243,stable,0.0,0.0,complete,0,HIGH_HIGH_HIGH
107149,0.8221669467677474,0.22114733384114,high,0.8273586989951761,0.3452822687579271,strong,0.9853982647619952,0.0292034687630203,strong,0.9943990579691212,0.0056009420308788,trending,0.5927209728279638,0.9403922099007752,moderate,0.0,0.0,complete,0,HIGH_HIGH_HIGH
108495,0.8216896919291242,0.2183917150225198,high,0.8308774056509349,0.2824370585093582,strong,0.9158872124398528,0.1207789192630077,strong,1.0,0.0,trending,0.3152496646859771,0.3946899591255281,stable,0.0,0.0,complete,0,HIGH_HIGH_HIGH
110814,0.8208567380451104,0.2201002163027921,high,0.9528465099528768,0.0589317913175495,strong,0.8326774674177644,0.205294540537812,strong,0.9665983987715714,0.0050675203096547,trending,0.2935202086462983,0.3669355976548017,stable,0.0,0.0,complete,0,HIGH_HIGH_HIGH
112291,0.8207088013568233,0.2196952037297977,high,0.9524258012016358,0.0586317279558425,strong,0.891577280937289,0.1328684784437005,strong,0.9811173993871524,0.0105210649092319,trending,0.3253180423735897,0.4026772815603343,stable,0.0,0.0,complete,0,HIGH_HIGH_HIGH
106608,0.8204918787061706,0.2203526638307826,high,0.9494113478250694,0.0626834580845043,strong,0.8424958876958322,0.2055260941119029,strong,0.923254558728952,0.0054262134253807,trending,0.3225957283385136,0.4022883629398178,stable,0.0,0.0,complete,0,HIGH_HIGH_HIGH
110103,0.8203278884887997,0.2200526251173731,high,0.9448433141009972,0.067554251849861,strong,0.865896890013801,0.1686802616338959,strong,1.0,0.0,trending,0.3294566509617359,0.4058073713441348,stable,0.0,0.0,complete,0,HIGH_HIGH_HIGH
100012,0.8198192150099839,0.220716672301377,high,0.9408196028199568,0.0725782962800746,strong,0.9329313101062896,0.086465209538618,strong,1.0,0.0,trending,0.2749925141538801,0.3482227549160857,stable,0.0,0.0,complete,0,HIGH_HIGH_HIGH
112277,0.8196500130890414,0.2228118671139244,high,0.9536645670101326,0.059541886007542,strong,0.8548655851973292,0.2395199206430947,strong,0.8657282219968168,0.1342717780031833,trending,0.2911451178773486,0.358387898416504,stable,0.0,0.0,complete,0,HIGH_HIGH_HIGH
109518,0.8195651524701019,0.2210380199939463,high,0.9526525784058926,0.0581965377625264,strong,0.7935612788306573,0.2528796096599757,strong,0.8671661902503469,0.0054037976968074,trending,0.2829844626860499,0.347961232526366,stable,0.0,0.0,complete,0,HIGH_HIGH_HIGH
109492,0.8191537680558756,0.2216385161910713,high,0.955550173998026,0.0547410281526983,strong,0.9002527128963042,0.1256677231517642,strong,1.0,0.0,trending,0.3263013262881328,0.3998806581861471,stable,0.0,0.0,complete,0,HIGH_HIGH_HIGH
109488,0.8191390547643668,0.2219717736419711,high,0.9512793309703756,0.0656740731738255,strong,0.9630913813781784,0.045228176245245,strong,1.0,0.0,trending,0.4426596383024505,0.5622860872249388,stable,0.0,0.0,complete,0,HIGH_HIGH_HIGH
102825,0.8189345752096517,0.222721458541024,high,0.9470752662902427,0.0679837346940841,strong,0.8527711921690309,0.1961858684258547,strong,0.9679229596532908,0.0320770403467091,trending,0.292848973295133,0.3590909635264787,stable,0.0,0.0,complete,0,HIGH_HIGH_HIGH
108534,0.8189175832092538,0.2272617871334832,high,0.9577050998932866,0.0643876581913689,strong,0.9418229762334954,0.0801991782731181,strong,1.0,0.0,trending,0.3195876409004193,0.3975838867561768,stable,0.0,0.0,complete,0,HIGH_HIGH_HIGH
109995,0.8189120079863521,0.2217870802638248,high,0.9518137176120548,0.0590176997411575,strong,0.8082923946235372,0.2349672086001008,strong,1.0,0.0,trending,0.3396104310871499,0.4207270818258154,stable,0.0,0.0,complete,0,HIGH_HIGH_HIGH
101866,0.8181116329534307,0.2228159149332017,high,0.9459352866295816,0.066269121513051,strong,0.8591142667687635,0.1919361458176834,strong,0.9557273370846628,0.0442726629153372,trending,0.3207151452202861,0.393163986925433,stable,0.0,0.0,complete,0,HIGH_HIGH_HIGH
109844,0.8172395624662417,0.2238349256989654,high,0.9507772289283716,0.0603370433048008,strong,0.8960639062023429,0.1287900037876346,strong,1.0,0.0,trending,0.3645095346880374,0.4471966596319034,stable,0.0,0.0,complete,0,HIGH_HIGH_HIGH
108278,0.8168457546834553,0.2244868847072684,high,0.9531910339347988,0.0578005036057693,strong,0.8140343479065789,0.2287672932185485,strong,0.9525001869075668,0.038210245383255,trending,0.3089306570051432,0.382723516320384,stable,0.0,0.0,complete,0,HIGH_HIGH_HIGH
109491,0.8167528226743052,0.2247530835014219,high,0.9541990885608408,0.0571398631362326,strong,0.8680568373158375,0.1618341621668257,strong,0.986423832112867,0.013576167887133,trending,0.2877266150095203,0.3588200461999258,stable,0.0,0.0,complete,0,HIGH_HIGH_HIGH
101847,0.8162333353832754,0.2250674882748175,high,0.9528673117006132,0.0577617298818362,strong,0.8946879969387332,0.1464955036267466,strong,0.9788751275490192,0.0211248724509806,trending,0.3577120113407499,0.4395871565038398,stable,0.0,0.0,complete,0,HIGH_HIGH_HIGH
101891,0.8161875029458393,0.2276088739146712,high,0.9319353710545822,0.091419715331692,strong,0.84007637283432,0.2178576633872795,strong,1.0,0.0,trending,0.3348439108210883,0.4299401512430811,stable,0.0,0.0,complete,0,HIGH_HIGH_HIGH
104839,0.816186643125182,0.2252057097547652,high,0.9722422303395593,0.0340018531532299,strong,0.9815999782863272,0.0268493643941317,strong,1.0,0.0,trending,0.5115341257477134,0.6344867966843,moderate,0.0,0.0,complete,0,HIGH_HIGH_HIGH
109958,0.8161096292560538,0.2271229519060414,high,0.9455691364237832,0.0723111693304545,strong,0.9060609385557058,0.1169491008246778,strong,1.0,0.0,trending,0.3603430059637935,0.4432652553748973,stable,0.0,0.0,complete,0,HIGH_HIGH_HIGH
110836,0.8160237433521971,0.2255664119209952,high,0.9071663283882004,0.1190764337992248,strong,0.9943596137843084,0.0079942574617843,strong,1.0,0.0,trending,0.4936606772253665,0.6071632927541867,stable,0.0,0.0,complete,0,HIGH_HIGH_HIGH
109626,0.8155989013572456,0.2275224771666938,high,0.9488917301628914,0.0656028805524394,strong,0.9514491862883808,0.0614000956263659,strong,1.0,0.0,trending,0.3587635663926359,0.460556625521886,stable,0.0,0.0,complete,0,HIGH_HIGH_HIGH
112292,0.8147610216763675,0.2268790540928985,high,0.9454495975897398,0.0671885825288991,strong,0.8869865579407946,0.1421053928664261,strong,1.0,0.0,trending,0.3403878893671929,0.4252856105815779,stable,0.0,0.0,complete,0,HIGH_HIGH_HIGH
104823,0.8146020225372024,0.2276757011426332,high,0.9623199054420862,0.0472962705635623,strong,0.9728608464561,0.0353169922924453,strong,1.0,0.0,trending,0.4567936327009125,0.5666237858788006,stable,0.0,0.0,complete,0,HIGH_HIGH_HIGH
109493,0.8142854545255199,0.2278340564443279,high,0.9507812003506828,0.0642925718532332,strong,0.9467872656731366,0.0651752346057588,strong,1.0,0.0,trending,0.4134444458577141,0.5083458586825855,stable,0.0,0.0,complete,0,HIGH_HIGH_HIGH
104903,0.8138962995735088,0.2290367574921404,high,0.7851679663604554,0.2643685182870075,strong,0.9926466986897772,0.0104226124357758,strong,1.0,0.0,trending,0.4960507803223974,0.6176574882478799,stable,0.0,0.0,complete,0,HIGH_HIGH_HIGH
109731,0.8136842659714073,0.2285609787329794,high,0.9472677056154462,0.0647564308499359,strong,0.8476603007031859,0.1887880423367146,strong,0.871721344636969,0.0722002770807198,trending,0.3419351928629455,0.4193205639394713,stable,0.0,0.0,complete,0,HIGH_HIGH_HIGH
101997,0.8136194279668338,0.2304147073612731,high,0.9469220869921572,0.0685624159691909,strong,0.897978430433294,0.1260553336547439,strong,0.999091015044416,0.000908984955584,trending,0.311020013335478,0.3882437774182182,stable,0.0,0.0,complete,0,HIGH_HIGH_HIGH
108357,0.8134438472409284,0.2298370664036211,high,0.9439897147953612,0.0718055747837454,strong,0.8241377055936052,0.2293396412034234,strong,0.9365572000290096,0.0634427999709904,trending,0.3112273082420866,0.38137265623544,stable,0.0,0.0,complete,0,HIGH_HIGH_HIGH
112304,0.8127742207868176,0.2298371667424114,high,0.952114728601406,0.0619459164705057,strong,0.8828722532633682,0.1461297942936488,strong,0.9962239216817372,0.0037760783182626,trending,0.3184616373399038,0.3901502906833367,stable,0.0,0.0,complete,0,HIGH_HIGH_HIGH
100058,0.8126063064239458,0.2300178338329469,high,0.9510636744998672,0.0615102689305342,strong,0.8917181173693673,0.1371473125197729,strong,0.9582504242183362,0.0417495757816638,trending,0.3233893289947441,0.3968779466587459,stable,0.0,0.0,complete,0,HIGH_HIGH_HIGH
111096,0.8123989445514956,0.2305920313664267,high,0.9493930384972344,0.0645744702064213,strong,0.8287019302566081,0.2141856727350117,strong,0.8857129448410578,0.0863927722004371,trending,0.2894363420614135,0.3546236170960204,stable,0.0,0.0,complete,0,HIGH_HIGH_HIGH
109813,0.8123395112358546,0.230093591835008,high,0.943010207550902,0.0715412779108978,strong,0.9330922875670924,0.0823342301948152,strong,1.0,0.0,trending,0.4078331510927798,0.5040418728360967,stable,0.0,0.0,complete,0,HIGH_HIGH_HIGH
107317,0.812314639780023,0.237815419993105,high,0.8312073348640489,0.3375850718689246,strong,0.9882117397888338,0.023576516095488,strong,1.0,0.0,trending,0.3726428600306131,0.635623449597145,stable,0.0,0.0,complete,0,HIGH_HIGH_HIGH
104547,0.8123140939701748,0.229909616995612,high,0.96127050414025,0.0483420856449964,strong,0.9505056640909528,0.0616273804752292,strong,1.0,0.0,trending,0.5278900352213705,0.6590524966823262,moderate,0.0,0.0,complete,0,HIGH_HIGH_HIGH
111222,0.8122971888825024,0.2303404662056183,high,0.9520808039786472,0.0597614660383912,strong,0.8447130141701791,0.191216900658047,strong,0.8883466437814531,0.0203618179059025,trending,0.3191008227703819,0.3982752164180813,stable,0.0,0.0,complete,0,HIGH_HIGH_HIGH
111555,0.8122130779445452,0.2300269369446174,high,0.94326992690219,0.0698015802785281,strong,0.9160298973062844,0.1037304715332045,strong,0.9239496476340328,0.0369194942451851,trending,0.3903268828305679,0.4790042169373306,stable,0.0,0.0,complete,0,HIGH_HIGH_HIGH
100815,0.8120173213408075,0.2308887803426855,high,0.9520552443031788,0.0627269184528176,strong,0.9139360125661276,0.1201791270311719,strong,1.0,0.0,trending,0.3468089212712415,0.4249680130250406,stable,0.0,0.0,complete,0,HIGH_HIGH_HIGH
108294,0.8116538705617249,0.2311784255008461,high,0.941848652718354,0.0717316177243208,strong,0.8455176004790911,0.1918751192377407,strong,0.9981768229813668,0.0018231770186331,trending,0.3049889366031123,0.3765553807847761,stable,0.0,0.0,complete,0,HIGH_HIGH_HIGH
101865,0.8112576833959793,0.2317178445607824,high,0.9438478990048412,0.0711733034663744,strong,0.9339235321356526,0.0810153106063518,strong,1.0,0.0,trending,0.4389847781025294,0.5376972756181009,stable,0.0,0.0,complete,0,HIGH_HIGH_HIGH
110749,0.8110563067206634,0.2320217074090962,high,0.9398638935732906,0.0765473797818953,strong,0.9167702458602192,0.104625346627085,strong,1.0,0.0,trending,0.3925989272821311,0.4808612485058232,stable,0.0,0.0,complete,0,HIGH_HIGH_HIGH
108230,0.8109116178373608,0.2324516886133431,high,0.9407813759895876,0.0749657446434617,strong,0.84503341363336,0.2004263470179106,strong,0.9655247045470444,0.0344752954529557,trending,0.3169211417144804,0.3885972188148617,stable,0.0,0.0,complete,0,HIGH_HIGH_HIGH
101107,0.810604276192681,0.2326453761802022,high,0.9466866798990116,0.0658324631619699,strong,0.8414889813079462,0.1948736224825633,strong,0.9652437291368604,0.0310774836861668,trending,0.2845991804015138,0.3578095092680395,stable,0.0,0.0,complete,0,HIGH_HIGH_HIGH
103419,0.8098034951109867,0.3803930097780269,high,0.8330860306529212,0.3338279386941576,strong,0.921064200336002,0.157871599327996,strong,1.0,0.0,trending,0.1015487799735151,0.2030975599470299,stable,0.0,0.0,complete,0,HIGH_HIGH_HIGH
109703,0.8097755469179037,0.2331890978039257,high,0.9350896518688724,0.0805111155610135,strong,0.8491087018357983,0.1893055288946483,strong,0.9729239500223872,0.0266530853609119,trending,0.3219332521816259,0.4065573896378421,stable,0.0,0.0,complete,0,HIGH_HIGH_HIGH
112262,0.8097676882979972,0.2330618372086835,high,0.9407213727478784,0.0728477856788528,strong,0.8066547994429696,0.2428413195134739,strong,0.8856004292345208,0.1143995707654791,trending,0.3008280936649614,0.3732426822682973,stable,0.0,0.0,complete,0,HIGH_HIGH_HIGH
110797,0.8092782010750481,0.2342622496503438,high,0.9448891465260888,0.0696176200677238,strong,0.8796392965077565,0.1474111677888175,strong,0.9345717288566588,0.0006970355565004,trending,0.308393078870762,0.3896703583678841,stable,0.0,0.0,complete,0,HIGH_HIGH_HIGH
100057,0.8090742289089097,0.2343740735374872,high,0.9521584832102864,0.0617691974193701,strong,0.9408217340544868,0.0731730485773832,strong,1.0,0.0,trending,0.4236992523820653,0.5200092357248466,stable,0.0,0.0,complete,0,HIGH_HIGH_HIGH
110401,0.809060546896459,0.2361043854961946,high,0.9491975838239516,0.0644054220445322,strong,0.9114263110904944,0.1178076904519228,strong,1.0,0.0,trending,0.4260023116209125,0.5471887709349624,stable,0.0,0.0,complete,0,HIGH_HIGH_HIGH
109732,0.8086816752282185,0.2345142749161754,high,0.941370859384425,0.0729425990724494,strong,0.9170240489642116,0.1017010805040908,strong,1.0,0.0,trending,0.442912331706727,0.5424666184421063,stable,0.0,0.0,complete,0,HIGH_HIGH_HIGH
109150,0.8086404389664119,0.2347604609595772,high,0.9407118339610304,0.0760583926985793,strong,0.8829952563873291,0.1496277421271452,strong,0.9549154250721908,0.0370909241447389,trending,0.340775510587008,0.4307820521110237,stable,0.0,0.0,complete,0,HIGH_HIGH_HIGH
109702,0.8084123907861303,0.2350400324767211,high,0.935860256526901,0.0791111374051304,strong,0.7633476679527014,0.2911684844857681,strong,0.7842457097243639,0.0094094318284154,trending,0.2775842994807869,0.350999006645859,stable,0.0,0.0,complete,0,HIGH_HIGH_HIGH
110048,0.8078556830326449,0.2353512605814434,high,0.9396938701521338,0.0743269492238111,strong,0.8598638919040165,0.1716422004322056,strong,0.9541315594090752,0.021851679936155,trending,0.3295677544547202,0.4176284888214576,stable,0.0,0.0,complete,0,HIGH_HIGH_HIGH
100059,0.8077450931991503,0.23801647522234,high,0.9500979900403316,0.0664112310486381,strong,0.9284394990556406,0.0973638783606864,strong,0.9730862603002912,0.0269137396997088,trending,0.3197068585860271,0.3927575681422814,stable,0.0,0.0,complete,0,HIGH_HIGH_HIGH
100011,0.8075952189588358,0.2369327390718944,high,0.9269674729958436,0.0928385664543125,strong,0.9475335147177524,0.0660453288747802,strong,1.0,0.0,trending,0.3634616251535031,0.4923437795481363,stable,0.0,0.0,complete,0,HIGH_HIGH_HIGH
109197,0.8074940546198798,0.2415318180017422,high,0.9365142167243186,0.0927226591491253,strong,0.892562444631223,0.1549965485658253,strong,1.0,0.0,trending,0.2429626644408102,0.3156503933530534,stable,0.0,0.0,complete,0,HIGH_HIGH_HIGH
109149,0.8072916255868854,0.2363320591948998,high,0.9255076512725064,0.0912521399358531,strong,0.8714179099492997,0.1656124998751907,strong,0.9386176266867648,0.0547898927638533,trending,0.3831881609756444,0.5018592979955454,stable,0.0,0.0,complete,0,HIGH_HIGH_HIGH
107315,0.8071178847385688,0.2382358758055909,high,0.8856188916188177,0.2287622167623646,strong,0.999099967547136,0.0018000649057278,strong,1.0,0.0,trending,0.4044249591204639,0.5373346257945198,stable,0.0,0.0,complete,0,HIGH_HIGH_HIGH
108496,0.8069110282297751,0.2382293224238773,high,0.8691578802112578,0.2110259717937779,strong,0.9330748495592414,0.1079503964275276,strong,1.0,0.0,trending,0.354064214022703,0.4343449337428464,stable,0.0,0.0,complete,0,HIGH_HIGH_HIGH
110030,0.8058897344190796,0.2396964399424193,high,0.9404324705688232,0.0809459347612647,strong,0.9267409235633176,0.0935693099519208,strong,1.0,0.0,trending,0.4835547804637919,0.5929974357386142,stable,0.0,0.0,complete,0,HIGH_HIGH_HIGH
112026,0.8055323385417484,0.2405379075736447,high,0.9316719324632936,0.0933720960073047,strong,0.8300046521034445,0.2106782623416755,strong,0.8591844152456698,0.0706652200639375,trending,0.2850900262558002,0.352784340775952,stable,0.0,0.0,complete,0,HIGH_HIGH_HIGH
108272,0.8054834781097181,0.2396130676583565,high,0.9373470148473808,0.0833676697955972,strong,0.9392950369120182,0.080735017770763,strong,1.0,0.0,trending,0.4537974889044935,0.555891621702242,stable,0.0,0.0,complete,0,HIGH_HIGH_HIGH
105420,0.8054817255462616,0.2392654448782522,high,0.9398640905741548,0.0753414394531669,strong,0.8808927962856664,0.1464381291444346,strong,0.9730369236737312,0.0210563377790937,trending,0.3250125871021112,0.4044701923484831,stable,0.0,0.0,complete,0,HIGH_HIGH_HIGH
101998,0.8053994561206081,0.2389440321832163,high,0.9362327180015,0.0796479066799206,strong,0.8830293754713768,0.1623102619093604,strong,0.9479668227158063,0.0520331772841936,trending,0.3509875204546606,0.4302146139873508,stable,0.0,0.0,complete,0,HIGH_HIGH_HIGH
108552,0.8053474586064697,0.2383997104532848,high,0.9474445495770972,0.065451082756947,strong,0.8317493972497122,0.2105329043045458,strong,0.9763344938312002,0.0236655061687997,trending,0.3205748406797818,0.4017353799084928,stable,0.0,0.0,complete,0,HIGH_HIGH_HIGH
110402,0.8053183471518087,0.2413952123228403,high,0.9438516300839908,0.0727200188746902,strong,0.9115447626273928,0.1176970013087608,strong,0.9931245152819554,0.0068754847180445,trending,0.434142228625474,0.5565781343821405,stable,0.0,0.0,complete,0,HIGH_HIGH_HIGH
107806,0.8052680203057087,0.2543133588377694,high,0.6718587053411701,0.4022992204809698,strong,0.9871972968547548,0.025141492770837,strong,1.0,0.0,trending,0.2305615266270278,0.3134703998475372,stable,0.0,0.0,complete,0,HIGH_HIGH_HIGH
112421,0.8050343072741611,0.2401399899577207,high,0.9634977498411552,0.0558686498232602,strong,0.9478359622015609,0.0657071593165005,strong,1.0,0.0,trending,0.650983099507166,0.9280383019946944,moderate,0.0,0.0,complete,0,HIGH_HIGH_HIGH
112282,0.8047102095868308,0.24016198983917,high,0.9340271239946056,0.0831009808796584,strong,0.8368508333118794,0.2041798438506521,strong,0.9418481085089928,0.0581518914910071,trending,0.2900969625497528,0.3625171365782089,stable,0.0,0.0,complete,0,HIGH_HIGH_HIGH
107312,0.8044905319765977,0.2463291367433489,high,0.8728907246287954,0.2542185507424093,strong,0.9977977661006412,0.0044044677987172,strong,1.0,0.0,trending,0.4077846727898438,0.6036201113687493,stable,0.0,0.0,complete,0,HIGH_HIGH_HIGH
109959,0.8044685650321448,0.2411578928996961,high,0.9341993551615236,0.0855630923184671,strong,0.8753696351919509,0.1579206493599775,strong,1.0,0.0,trending,0.3504867341207393,0.4351504675752691,stable,0.0,0.0,complete,0,HIGH_HIGH_HIGH
102746,0.8040666085070163,0.2401730259195873,high,0.9600544109923096,0.0524071009664351,strong,0.926472683396082,0.1068977430172555,strong,1.0,0.0,trending,0.4008314188235793,0.6106880194718426,stable,0.0,0.0,complete,0,HIGH_HIGH_HIGH
112303,0.804056962945916,0.2400895491838265,high,0.9496288965071958,0.0637686185783673,strong,0.8972437925796557,0.1260649373102024,strong,1.0,0.0,trending,0.3245477409390067,0.3975125939605742,stable,0.0,0.0,complete,0,HIGH_HIGH_HIGH
109730,0.803983225915734,0.2404968520093885,high,0.9453631957619176,0.0674472236327994,strong,0.8652618130881743,0.1733810376167102,strong,0.9750232305179796,0.0249767694820205,trending,0.3656697691357622,0.4483697634840762,stable,0.0,0.0,complete,0,HIGH_HIGH_HIGH
102696,0.8038629974617664,0.2406350172752371,high,0.9497403511173834,0.0629765204385935,strong,0.9317251961412152,0.0858832370315756,strong,1.0,0.0,trending,0.3626419282681656,0.4535367154422081,stable,0.0,0.0,complete,0,HIGH_HIGH_HIGH
100418,0.8037570299814881,0.2403772547068647,high,0.9436005525589608,0.0692049626838263,strong,0.8639163519580155,0.1726671767284468,strong,1.0,0.0,trending,0.3590069470518083,0.440052174311372,stable,0.0,0.0,complete,0,HIGH_HIGH_HIGH
104851,0.8031643693265735,0.2415710459286546,high,0.9541945388713092,0.05633245264279,strong,0.9701823948848224,0.0410939381891885,strong,1.0,0.0,trending,0.5840423375406532,0.7154502318864375,moderate,0.0,0.0,complete,0,HIGH_HIGH_HIGH
112474,0.8030270915817719,0.2413279575470817,high,0.9436771544068308,0.071937574911756,strong,0.949984431556971,0.0638660872796902,strong,1.0,0.0,trending,0.5802310830732489,0.7353135724740891,moderate,0.0,0.0,complete,0,HIGH_HIGH_HIGH
108670,0.8029039107790507,0.2414040853230665,high,0.9495260953164923,0.0624606410941768,strong,0.869279396358225,0.1646386453169795,strong,0.9228150204223609,0.077184979577639,trending,0.3730575480764004,0.4577210061104133,stable,0.0,0.0,complete,0,HIGH_HIGH_HIGH
110102,0.8027680179200178,0.2434409689152597,high,0.933005413658488,0.08428373857087,strong,0.8366649330950882,0.2114248718276676,strong,0.9851510838762776,0.0148489161237223,trending,0.3177992543098992,0.3896337293411753,stable,0.0,0.0,complete,0,HIGH_HIGH_HIGH
101128,0.802704666784902,0.2420810989960391,high,0.9477747327647388,0.0641061447759946,strong,0.8981164113517653,0.1354189289328075,strong,1.0,0.0,trending,0.3178422041171344,0.396319764442954,stable,0.0,0.0,complete,0,HIGH_HIGH_HIGH
112332,0.8019410023424276,0.2429637808739891,high,0.9334632425150732,0.0828629577385034,strong,0.8665832674931778,0.1747548418439054,strong,0.9268465191402764,0.0731534808597236,trending,0.3879527328554289,0.4753265138950502,stable,0.0,0.0,complete,0,HIGH_HIGH_HIGH
109496,0.8012563483920074,0.2440847174199915,high,0.94091164380571,0.0736399039110033,strong,0.9465239478021572,0.0655295273793639,strong,1.0,0.0,trending,0.4576927591800414,0.5932490958839084,stable,0.0,0.0,complete,0,HIGH_HIGH_HIGH
106649,0.8011307507772074,0.243789002712462,high,0.9431395860344806,0.0711097124601362,strong,0.8954916300925813,0.1280681322257194,strong,0.9966643337317598,0.0033356662682402,trending,0.3818529153744276,0.467692753050606,stable,0.0,0.0,complete,0,HIGH_HIGH_HIGH
110851,0.8008729662696282,0.2439511508295023,high,0.945608953640287,0.0686921124564809,strong,0.9851969097497704,0.0226217188860729,strong,0.9895467602395378,0.0104532397604622,trending,0.6464950376901836,0.7949643251915699,moderate,0.0,0.0,complete,0,HIGH_HIGH_HIGH
101933,0.8007442053823659,0.244309609336786,high,0.9427580701326572,0.0717859156172871,strong,0.9266752340208712,0.092865601331521,strong,1.0,0.0,trending,0.3247633551473173,0.4392457168061713,stable,0.0,0.0,complete,0,HIGH_HIGH_HIGH
106917,0.8006038100103794,0.2494387341549175,high,0.9365925630284918,0.0909092325724808,strong,0.9041633612738028,0.1225241749348534,strong,1.0,0.0,trending,0.2508742396951423,0.3199859257737065,stable,0.0,0.0,complete,0,HIGH_HIGH_HIGH
109614,0.800555474185346,0.2484319030674871,high,0.9182773646515704,0.1109591397172851,strong,0.8187255877749887,0.2446037232184874,strong,0.9221027535215226,0.0518315935840663,trending,0.3064856598053368,0.3892880065642327,stable,0.0,0.0,complete,0,HIGH_HIGH_HIGH
101115,0.7999073032955982,0.2463886771207774,high,0.9402090640783688,0.076309155017527,strong,0.8831451103349526,0.1490144622278826,strong,1.0,0.0,trending,0.2889393892995631,0.36465537236324,stable,0.0,0.0,complete,0,HIGH_HIGH_HIGH
111221,0.7997593245995811,0.2460569779034198,high,0.9329030900835428,0.0835792015137207,strong,0.7999290360528326,0.2523225954407304,strong,0.9342333750563362,0.0657666249436638,trending,0.3204916770646618,0.3948859180886975,stable,0.0,0.0,complete,0,HIGH_HIGH_HIGH
107040,0.7997150891195659,0.2455483025283952,high,0.9388715724861032,0.0750489511981498,strong,0.8705768886646246,0.1611677108116541,strong,0.9996388595692264,0.0003611404307737,trending,0.3273798684491771,0.4128884992143979,stable,0.0,0.0,complete,0,HIGH_HIGH_HIGH
106497,0.7996950546770686,0.2460821881405547,high,0.9382016264468094,0.0778632547108695,strong,0.9271982144824068,0.0892048726328754,strong,1.0,0.0,trending,0.3822507613363097,0.5009138653647142,stable,0.0,0.0,complete,0,HIGH_HIGH_HIGH
112119,0.799672830753009,0.2460083730600284,high,0.9427034328939132,0.0718809016728136,strong,0.9105079448758828,0.1171024278859339,strong,1.0,0.0,trending,0.3943479137582185,0.4998205428592411,stable,0.0,0.0,complete,0,HIGH_HIGH_HIGH
103903,0.7995092200782132,0.2470728556205415,high,0.9114041951038434,0.1128981322968127,strong,0.9150506761880836,0.1040723256736333,strong,1.0,0.0,trending,0.4577507223625206,0.569668974918354,stable,0.0,0.0,complete,0,HIGH_HIGH_HIGH
105421,0.7994078402718717,0.2500771504388962,high,0.9075074851778064,0.1380058840905467,strong,0.8450248856213868,0.1963100057654901,strong,0.963699289057264,0.0363007109427359,trending,0.3210347555990236,0.3969850042268267,stable,0.0,0.0,complete,0,HIGH_HIGH_HIGH
108551,0.7993134161754407,0.2462839763550385,high,0.9455273114163086,0.0689837147874053,strong,0.8427822633939144,0.1929194633680366,strong,1.0,0.0,trending,0.3156607407350342,0.3913697564797692,stable,0.0,0.0,complete,0,HIGH_HIGH_HIGH
104077,0.7992277622702098,0.2464138515725697,high,0.8139709490938755,0.356836446417778,strong,0.9819057818591408,0.0349815582554692,strong,1.0,0.0,trending,0.7276025285352431,1.085143457321584,moderate,0.0,0.0,complete,0,HIGH_HIGH_HIGH
112524,0.7989986805113942,0.2463434523940474,high,0.952127611591182,0.0588227637304123,strong,0.8329668565807928,0.2108691953829161,strong,0.955468514932064,0.0445314850679358,trending,0.2999144149806806,0.3701520923210452,stable,0.0,0.0,complete,0,HIGH_HIGH_HIGH
102414,0.79892373704548,0.2475444693248001,high,0.9387576263998858,0.0826721122611482,strong,0.9166448398200636,0.1088509857030249,strong,1.0,0.0,trending,0.464931872112178,0.56942539767331,stable,0.0,0.0,complete,0,HIGH_HIGH_HIGH
108001,0.798711756221354,0.2502333455779533,high,0.7999999999998024,0.3999999999999012,strong,0.8729459023861036,0.2541081952274888,strong,1.0,0.0,trending,0.8672076874691544,1.33587075761022,moderate,0.0,0.0,complete,0,HIGH_HIGH_HIGH
108535,0.7985385348963987,0.2498809309672045,high,0.9334777923361428,0.0946136407014751,strong,0.837238487825225,0.2010015997188524,strong,1.0,0.0,trending,0.2783416410764153,0.3440892634874267,stable,0.0,0.0,complete,0,HIGH_HIGH_HIGH
112523,0.798352583177844,0.2473803103196148,high,0.9502003142346412,0.0616057997691579,strong,0.829083584387423,0.2114850537709993,strong,0.975695168344745,0.024304831655255,trending,0.2953461747638332,0.3651204550333578,stable,0.0,0.0,complete,0,HIGH_HIGH_HIGH
100405,0.797560573721109,0.2501954640808566,high,0.93360850091185,0.0899421259050875,strong,0.8531375040243893,0.185312393547486,strong,0.9518584216033,0.0481415783967001,trending,0.3311268326891653,0.4087430240762947,stable,0.0,0.0,complete,0,HIGH_HIGH_HIGH
107041,0.7975573288748165,0.2497614435868812,high,0.935851954920024,0.0824424654382298,strong,0.8591763151989682,0.1740035008134638,strong,0.9195276116495734,0.0033597496420796,trending,0.33584613548072,0.4151599926531071,stable,0.0,0.0,complete,0,HIGH_HIGH_HIGH
100406,0.7974776959886717,0.2518710577286784,high,0.933137195087858,0.0942609923229043,strong,0.8466780708952563,0.19636612243642,strong,0.9715439271453268,0.0284560728546731,trending,0.3295747673908765,0.4047599212883737,stable,0.0,0.0,complete,0,HIGH_HIGH_HIGH
107795,0.7974716357338789,0.2487269364896262,high,0.9561375179464434,0.0607856676998437,strong,0.9492425178516064,0.0707603792787802,strong,1.0,0.0,trending,0.4985251776009662,0.6519349696964089,stable,0.0,0.0,complete,0,HIGH_HIGH_HIGH
110871,0.7974518460549463,0.2489247893564139,high,0.9324717700228884,0.0866462523278558,strong,0.942000203026984,0.0749153341201469,strong,1.0,0.0,trending,0.5517522949532067,0.7038574506962303,moderate,0.0,0.0,complete,0,HIGH_HIGH_HIGH
100666,0.7974194522064051,0.2483036500390777,high,0.9100526271547028,0.1125339831046966,strong,0.9554020115368652,0.0566967423612607,strong,1.0,0.0,trending,0.5115054519808293,0.7170419279458724,moderate,0.0,0.0,complete,0,HIGH_HIGH_HIGH
109791,0.7971158487185624,0.2487472758249551,high,0.922798030543546,0.0946180618280987,strong,0.8662494128890682,0.165251819739026,strong,1.0,0.0,trending,0.4021585136846345,0.4949050009418697,stable,0.0,0.0,complete,0,HIGH_HIGH_HIGH
112015,0.7970774092570782,0.2485284821490081,high,0.930307629643814,0.0853805308579127,strong,0.892925244327165,0.1311480969245148,strong,0.988465631180634,0.011534368819366,trending,0.3314098449320738,0.4530330031607939,stable,0.0,0.0,complete,0,HIGH_HIGH_HIGH
100540,0.7970270306546416,0.2487643652271183,high,0.9405887973187206,0.0733766578116309,strong,0.8677043359686598,0.2042026057164613,strong,1.0,0.0,trending,0.5094774268002532,0.7626195526406214,moderate,0.0,0.0,complete,0,HIGH_HIGH_HIGH
100044,0.7970245446863017,0.2498239553995262,high,0.9576931655098532,0.0520273395636407,strong,0.9388554628277292,0.0772701684646068,strong,1.0,0.0,trending,0.4302594851960578,0.5344261291019046,stable,0.0,0.0,complete,0,HIGH_HIGH_HIGH
107286,0.7969101321284107,0.2503768829223652,high,0.9373078313800166,0.0818449493477046,strong,0.9445605538317808,0.0678991877079922,strong,1.0,0.0,trending,0.4062746919338491,0.4975915032871155,stable,0.0,0.0,complete,0,HIGH_HIGH_HIGH
112453,0.7967367165033158,0.2506758105641481,high,0.867130904284612,0.2123355375449536,strong,0.9390045931214732,0.0747231691748324,strong,1.0,0.0,trending,0.4237629362424894,0.5199271793658152,stable,0.0,0.0,complete,0,HIGH_HIGH_HIGH
109230,0.7966214057011763,0.2524524609988561,high,0.8141524428101773,0.2636482123726976,strong,0.9083124276138212,0.159363190302089,strong,1.0,0.0,trending,0.3729508973540428,0.4648972762278588,stable,0.0,0.0,complete,0,HIGH_HIGH_HIGH
102732,0.7965008287224477,0.249856416715481,high,0.9508033884902968,0.0658345432773727,strong,0.929298277564049,0.0944572111861956,strong,1.0,0.0,trending,0.4720088622162489,0.6848301157765978,stable,0.0,0.0,complete,0,HIGH_HIGH_HIGH
108135,0.7963586752349616,0.2497923929977157,high,0.9386653306662274,0.0765128450251425,strong,0.8855926707357789,0.142026510663255,strong,0.9699776417902952,0.0270584015914751,trending,0.3313252652975281,0.4124258003933156,stable,0.0,0.0,complete,0,HIGH_HIGH_HIGH
109222,0.7963064828089095,0.2534667691191185,high,0.7694329455412795,0.3442624739860822,strong,0.9027907382149176,0.1596603453207195,strong,1.0,0.0,trending,0.392179441477577,0.484672622545513,stable,0.0,0.0,complete,0,HIGH_HIGH_HIGH
109973,0.7960761353702462,0.2545302999044567,high,0.9199829774373918,0.1106895903119207,strong,0.7955644727800715,0.2505900190119285,strong,1.0,0.0,trending,0.3290991619373673,0.4032304116239364,stable,0.0,0.0,complete,0,HIGH_HIGH_HIGH
108158,0.7956570347305781,0.2509494640492565,high,0.9400872337193452,0.0846652242503442,strong,0.9026874318820935,0.1415035712565783,strong,1.0,0.0,trending,0.4745339704233565,0.6292955947217216,stable,0.0,0.0,complete,0,HIGH_HIGH_HIGH
109896,0.7955873060459788,0.2507759008696861,high,0.9310944188061296,0.086773031581017,strong,0.9053860906441942,0.1168491926157733,strong,1.0,0.0,trending,0.4155939244907049,0.5092992253399213,stable,0.0,0.0,complete,0,HIGH_HIGH_HIGH
102423,0.7955358110391335,0.2519399518909129,high,0.9289980190642666,0.0901046967606874,strong,0.8364214946445292,0.2238414469902077,strong,0.9592596287226184,0.0407403712773815,trending,0.3469566418966031,0.4383634795969243,stable,0.0,0.0,complete,0,HIGH_HIGH_HIGH
106970,0.795020970400404,0.2517474986591167,high,0.9580598289395515,0.0514605028177864,strong,0.9820426799771328,0.0225189755857944,strong,1.0,0.0,trending,0.2380058747931845,0.3123795273320325,stable,0.0,0.0,complete,0,HIGH_HIGH_HIGH
100906,0.7949227097068351,0.2521404639338411,high,0.9348252223471054,0.081233468447597,strong,0.902266043127972,0.1204167469034605,strong,0.9767008762110478,0.0232991237889522,trending,0.3821235451024126,0.4710003841779167,stable,0.0,0.0,complete,0,HIGH_HIGH_HIGH
110944,0.7946178906524228,0.2564417887387773,high,0.9172874268175524,0.1169320940618117,strong,0.9510276579392448,0.0653352949646876,strong,1.0,0.0,trending,0.3330715938862082,0.4545435128793407,stable,0.0,0.0,complete,0,HIGH_HIGH_HIGH
110079,0.7946105191257868,0.2560518179832436,high,0.915528280036955,0.1174171588516305,strong,0.7444310474071127,0.3200437564798326,strong,0.9320054118061948,0.0481036245079826,trending,0.3072230450907993,0.3893089236889213,stable,0.0,0.0,complete,0,HIGH_HIGH_HIGH
102402,0.7944032144819845,0.2566195273114668,high,0.9291276883458316,0.0939356001417579,strong,0.7659045207956251,0.2884255009970463,strong,0.9144173498914684,0.0346077224605833,trending,0.2866446458988622,0.3542697136382839,stable,0.0,0.0,complete,0,HIGH_HIGH_HIGH
109615,0.7942351921555473,0.2555315163454778,high,0.908936807955054,0.1223610201567297,strong,0.7609560653498081,0.2972505546702024,strong,0.8306900107019073,0.0131407904363232,trending,0.2915912329273292,0.3708776554527186,stable,0.0,0.0,complete,0,HIGH_HIGH_HIGH
109790,0.7941561853078067,0.252415563271257,high,0.9170838855593102,0.1016683182564665,strong,0.8613659692109141,0.1716411160941612,strong,1.0,0.0,trending,0.4124523106759181,0.5063097542084442,stable,0.0,0.0,complete,0,HIGH_HIGH_HIGH
112118,0.7938021154759306,0.254385423178226,high,0.9419957743962424,0.0768078124197775,strong,0.9113543198782847,0.1241402220497783,strong,0.95713136447121,0.04286863552879,trending,0.3926179166150031,0.4990160924455137,stable,0.0,0.0,complete,0,HIGH_HIGH_HIGH
112333,0.7936848917172263,0.2528091800050833,high,0.9279600563107142,0.0882502000869984,strong,0.9069358849068404,0.1177706436961882,strong,1.0,0.0,trending,0.4491415462210227,0.5502402253982669,stable,0.0,0.0,complete,0,HIGH_HIGH_HIGH
108608,0.7935266064260985,0.2541537146845616,high,0.9364646276055592,0.0817917005304728,strong,0.8519111726941334,0.2078616675378511,strong,0.9894708535104352,0.0105291464895647,trending,0.3840377197714179,0.4794631144653152,stable,0.0,0.0,complete,0,HIGH_HIGH_HIGH
102062,0.7935116040142629,0.2533727764637747,high,0.6758868652518888,0.4093258920314339,strong,0.9629358745017292,0.0477402933895386,strong,0.9558375205059404,0.014872083792897,trending,0.1979078402962132,0.2480869720707409,stable,0.0,0.0,complete,0,HIGH_HIGH_HIGH
105168,0.7932140194673426,0.2550116496106732,high,0.9228555648617384,0.1025671670403431,strong,0.8718835131376217,0.1622457818630742,strong,1.0,0.0,trending,0.271328053290555,0.3435677209227051,stable,0.0,0.0,complete,0,HIGH_HIGH_HIGH
100667,0.7925045965241446,0.254536796877185,high,0.9155213152899464,0.1045726957051365,strong,0.9584396835766232,0.0541384867555401,strong,1.0,0.0,trending,0.5236203447302411,0.7395225059953068,moderate,0.0,0.0,complete,0,HIGH_HIGH_HIGH
104739,0.7920331939189648,0.2550960854363563,high,0.8016476387890142,0.3091401435065268,strong,0.9489370407785662,0.0655467185812276,strong,1.0,0.0,trending,0.534380896391969,0.7943325364986962,moderate,0.0,0.0,complete,0,HIGH_HIGH_HIGH
111519,0.7919643816854526,0.2570078036057187,high,0.9211490443970026,0.1032942041484403,strong,0.8478699532164073,0.2030407138303167,strong,0.9535804575250894,0.0149425141378169,trending,0.332449072207998,0.4222843455832169,stable,0.0,0.0,complete,0,HIGH_HIGH_HIGH
102707,0.7913921366544121,0.2650293370868439,high,0.9394815958118802,0.0838949914447334,strong,0.8495976756480139,0.2051205626487257,strong,0.945001385090974,0.0549986149090259,trending,0.3215157940141512,0.3937758877227987,stable,0.0,0.0,complete,0,HIGH_HIGH_HIGH
109198,0.7913725616424163,0.2626530053037157,high,0.9351495259428791,0.0911869752033225,strong,0.9065312599721302,0.12223587091111,strong,0.9757735846209564,0.0242264153790436,trending,0.2332084506150339,0.2955291250660967,stable,0.0,0.0,complete,0,HIGH_HIGH_HIGH
111508,0.3999786656636975,0.3277155507002426,low,0.6898981686556349,0.2195085509782888,strong,0.6473107997785637,0.3347715277079054,strong,0.9398453246300724,0.1041909540535268,trending,1.8466980332524543,2.7643448225861302,variable,0.0,0.0,complete,2,HIGH_HIGH_LOW
111919,0.3999687098723058,0.3360243674078051,low,0.8366067933983249,0.1694106213800927,strong,0.87325259592385,0.0934542393820426,strong,0.8739534969198488,0.2183189474512087,trending,9.08977582390142,17.099705545733322,highly_variable,0.0,0.0,complete,2,HIGH_HIGH_LOW
108244,0.3999613342119942,0.2311411173634119,low,0.6700910697034008,0.2741178583433107,strong,0.6479533296415012,0.2832941091538674,strong,0.9849387836657388,0.0301224326685224,trending,0.7535143215041031,0.1758182347902174,moderate,0.0,0.0,complete,2,HIGH_HIGH_LOW
101290,0.3999454661036794,0.3292597648332716,low,0.5796951171908743,0.3898453277699262,moderate,0.607514142761703,0.3600954556087273,strong,0.9017933334690672,0.0640227733682039,trending,2.634325282051221,2.8274706323973597,highly_variable,0.0,0.0,complete,2,HIGH_HIGH_LOW
103581,0.3998374769572178,0.0434231033688376,low,0.6993162568417152,0.0469199872296489,strong,0.6230133636397787,0.0434722603281534,strong,0.9876759669837334,0.0204366220944613,trending,0.7327264429769076,0.2020643303287009,moderate,0.0,0.0,complete,2,HIGH_HIGH_LOW
100426,0.3996866749764395,0.1470479655339759,low,0.6637376809098242,0.2217637597309871,strong,0.4605412924002758,0.2131566688584855,moderate,0.9706288849532548,0.040357709405402,trending,0.5592970501148935,0.1157020597464499,moderate,0.0,0.0,complete,2,HIGH_HIGH_LOW
112213,0.3996865547815453,0.3211811350359926,low,0.7153120665987964,0.2049041313328192,strong,0.5415824274814792,0.2656265576686098,moderate,0.918270821193244,0.073698597546506,trending,0.7042028645874542,0.5098473941645144,moderate,0.0,0.0,complete,2,HIGH_HIGH_LOW
108504,0.3996777129232066,0.3406047187278689,low,0.6811829232795442,0.2515621388407027,strong,0.9556675853173738,0.0491896561469187,strong,1.0,0.0,trending,1.2885498355414375,0.9580601587439976,variable,0.0,0.0,complete,2,HIGH_HIGH_LOW
108084,0.3996455427602159,0.081843461525958,low,0.8081547196484984,0.1317088886929724,strong,0.7878031503351639,0.0474550345454387,strong,1.0,0.0,trending,0.8039966568467218,0.3123406521348649,moderate,0.0,0.0,complete,2,HIGH_HIGH_LOW
109417,0.3994165801192016,0.1886705943005792,low,0.4740085238647722,0.2462472065181937,moderate,0.8957606934468547,0.1356536595221886,strong,0.99446160943189,0.0110767811362197,trending,1.187567295465667,0.1974026143980575,variable,0.0,0.0,complete,2,HIGH_HIGH_LOW
110805,0.3993844476347162,0.1754507382778917,low,0.5505717467626723,0.3645060430000766,moderate,0.693571090436502,0.2722260150784435,strong,0.9764610312965424,0.0406693935240043,trending,1.251611825243497,0.6498192947381554,variable,0.0,0.0,complete,2,HIGH_HIGH_LOW
111562,0.3993431755566497,0.2312682486137285,low,0.612520994717624,0.3867769377443674,strong,0.5919334460786785,0.280267832825606,moderate,0.9683066720379696,0.0466955737615712,trending,0.5177669844578164,0.0962759080621433,moderate,0.0,0.0,complete,2,HIGH_HIGH_LOW
106573,0.3992744703543259,0.2085792365457484,low,0.7452757017549383,0.313466849189504,strong,0.6517409470756004,0.2291224166877702,strong,0.9337999023540636,0.0933369334711401,trending,0.6913123267479276,0.1461066254499519,moderate,0.0,0.0,complete,2,HIGH_HIGH_LOW
103584,0.3992369777671036,0.0451075145216235,low,0.7727453573383652,0.0350650489747728,strong,0.6259520787597042,0.0585000282355145,strong,0.9847497936426318,0.026748962483932,trending,0.7733656314123044,0.2698427117375739,moderate,0.0,0.0,complete,2,HIGH_HIGH_LOW
100745,0.3992262556366424,0.1367431153203407,low,0.7455665528692001,0.176308625124051,strong,0.4362996592660149,0.1985595686481677,moderate,0.9995043524606604,0.0009912950786794,trending,0.8113079398975408,0.4832395835156723,moderate,0.0,0.0,complete,2,HIGH_HIGH_LOW
100218,0.3991985692668617,0.2042711311892232,low,0.700987268330315,0.2238063736318475,strong,0.6711249093174574,0.2957422688020719,strong,0.9420058796641346,0.0773422554790164,trending,1.3717161722672775,1.3114087184202825,variable,0.0,0.0,complete,2,HIGH_HIGH_LOW
108993,0.3991842640224338,0.1785554683928721,low,0.6754058172842621,0.2089065911910102,strong,0.4220059937030221,0.1803296181305967,moderate,0.9926041462273832,0.0102664936114702,trending,0.8875997350535835,0.3084011721227756,moderate,0.0,0.0,complete,2,HIGH_HIGH_LOW
106469,0.3991797442097742,0.1888034497057185,low,0.7446693713534175,0.3487725775316063,strong,0.8965674946317156,0.1198499086846459,strong,1.0,0.0,trending,2.204676071741029,1.0390684720974914,highly_variable,0.0,0.0,complete,2,HIGH_HIGH_LOW
104655,0.3990780875890635,0.092557804661814,low,0.5931211849248458,0.2565170769260834,moderate,0.9101241642450936,0.0270436991912633,strong,0.9845436603580168,0.0214569986520293,trending,0.8190050498429754,0.5398113474558466,moderate,0.0,0.0,complete,2,HIGH_HIGH_LOW
111342,0.3990080346202463,0.3030356289283102,low,0.6278399135140924,0.2903730299713198,strong,0.5440512885617569,0.2937186390428484,moderate,0.9415522874539932,0.040612333579867,trending,0.9047227469969676,0.6117401402094199,moderate,0.0,0.0,complete,2,HIGH_HIGH_LOW
103666,0.3988598715769394,0.2193227820620439,low,0.8770344314151887,0.1155784371414668,strong,0.5960140590401458,0.2286395959845964,moderate,0.9662284162255498,0.0421011211542848,trending,3.5127075546214725,6.260490551865655,highly_variable,0.0,0.0,complete,2,HIGH_HIGH_LOW
111965,0.3987885309690307,0.089780497958485,low,0.5778298025417687,0.3024675293341312,moderate,0.747272736863755,0.1982909794471168,strong,0.9963077719926282,0.0073844560147437,trending,0.8156933904682278,0.4146591239390348,moderate,0.0,0.0,complete,2,HIGH_HIGH_LOW
103316,0.3986824934817571,0.3183130043412374,low,0.7800977917949314,0.197480689232394,strong,0.432104036737235,0.3742326484385629,moderate,0.8664148736951389,0.0933194985316617,trending,2.533840595045789,2.4867529657262586,highly_variable,0.0,0.0,complete,2,HIGH_HIGH_LOW
102276,0.3985619027551494,0.3475730849638674,low,0.4991935329612402,0.2593163228129894,moderate,0.5495920249174786,0.3566463691998099,moderate,0.9378636305600194,0.0722898425804035,trending,0.7684162416096914,0.4726617423219427,moderate,0.0,0.0,complete,2,HIGH_HIGH_LOW
102609,0.3985596689002383,0.0359064669315625,low,0.8130322780329319,0.2291754449367463,strong,0.7602566336885992,0.2952517974880063,strong,0.9673951737203774,0.0413665336987467,trending,1.3739590835376103,0.482145633000665,variable,0.0,0.0,complete,2,HIGH_HIGH_LOW
109551,0.3985158585532052,0.225713801973437,low,0.6696382213701663,0.2692550812240076,strong,0.7514345493581858,0.1885538407285657,strong,0.9483712924290358,0.0600337619465485,trending,1.7000896550634703,2.492214929293945,variable,0.0,0.0,complete,2,HIGH_HIGH_LOW
109139,0.3984518988254604,0.1985307244654691,low,0.7977103174412584,0.1605281603841619,strong,0.7539899742922801,0.3306685982769842,strong,1.0,0.0,trending,1.1288498693743865,0.4045429160295773,variable,0.0,0.0,complete,2,HIGH_HIGH_LOW
101288,0.3983446341823703,0.319042451150698,low,0.4796696032066223,0.4261353360108755,moderate,0.7091934179359958,0.3287508635519385,strong,0.942346678584463,0.0800661473715278,trending,2.2012173406076982,2.289265589879033,highly_variable,0.0,0.0,complete,2,HIGH_HIGH_LOW
102470,0.3981969761901228,0.2698781886628353,low,0.6918950054049258,0.2989717567434422,strong,0.5506714728819087,0.2657112749427032,moderate,0.8965431089175772,0.1392949453569141,trending,1.6098149853999892,2.153832360653088,variable,0.0,0.0,complete,2,HIGH_HIGH_LOW
103802,0.398193471434953,0.0461569978267244,low,0.6573466645929044,0.0695675488281678,strong,0.6701836119709699,0.1096277195652952,strong,0.9903551529847708,0.0118187109671643,trending,1.1961638859861266,0.442861210453151,variable,0.0,0.0,complete,2,HIGH_HIGH_LOW
112536,0.3981666292299521,0.3084517369944612,low,0.6391772862140419,0.1821885707978791,strong,0.4283067670097614,0.3285087006839589,moderate,0.833900186424873,0.1032115044821276,trending,1.6149102414235863,1.1949668371564126,variable,0.0,0.0,complete,2,HIGH_HIGH_LOW
110661,0.3981508147252823,0.2017293437778961,low,0.811608561818626,0.0926483038614166,strong,0.749480337113876,0.1168713243787433,strong,1.0,0.0,trending,0.6694616472421624,0.1461658408866063,moderate,0.0,0.0,complete,2,HIGH_HIGH_LOW
111934,0.3981256918580689,0.3358611373865186,low,0.8247093637641976,0.1337650232779568,strong,0.8285383318409224,0.0864145038547198,strong,0.8763915673568464,0.2140960855818973,trending,10.726941858607749,20.41852539563406,highly_variable,0.0,0.0,complete,2,HIGH_HIGH_LOW
106518,0.398072081523552,0.0818036158080263,low,0.7182299043871563,0.1184377428426625,strong,0.687961799894721,0.2087123720101491,strong,0.9778573772517452,0.0284754427817391,trending,0.7036788667585041,0.1799277821489181,moderate,0.0,0.0,complete,2,HIGH_HIGH_LOW
112411,0.3980534322600396,0.3123316659634003,low,0.5944771484239695,0.2379078221139469,moderate,0.4963367975107388,0.2647541911347212,moderate,0.8763337230007113,0.0773903729996479,trending,0.4956701928095935,0.2874883504092758,stable,0.0,0.0,complete,2,HIGH_HIGH_LOW
108803,0.3980190369421572,0.3566370380445867,low,0.4364779910589133,0.3568052183167934,moderate,0.5287932345476788,0.3820919690401615,moderate,0.9002917007706459,0.1000009791899662,trending,0.9748600185395814,0.6759151501693164,moderate,0.0,0.0,complete,2,HIGH_HIGH_LOW
101540,0.3979495842391903,0.1350946907164314,low,0.5860061726021583,0.266337348446799,moderate,0.7450900407303859,0.1573909204480802,strong,1.0,0.0,trending,1.0338734051700764,0.4139785541968314,variable,0.0,0.0,complete,2,HIGH_HIGH_LOW
101686,0.3978687270002685,0.1907683145740213,low,0.4345939246894261,0.2130044217092448,moderate,0.5630493925575939,0.246637293182539,moderate,1.0,0.0,trending,1.1681283386334893,0.610487382738965,variable,0.0,0.0,complete,2,HIGH_HIGH_LOW
103010,0.3978651202162896,0.3631484420831665,low,0.667139141260303,0.3891509972727396,strong,0.778079788887221,0.3055106452984459,strong,0.8724497399463882,0.2161664117827057,trending,8.255831849113742,15.520026304492903,highly_variable,0.0,0.0,complete,2,HIGH_HIGH_LOW
102760,0.3978511881647754,0.104780098777439,low,0.7185146120615759,0.1757100308733312,strong,0.6433424402314036,0.191659303668458,strong,0.9448650393479188,0.0563945153906358,trending,0.7317765123299665,0.2699552492534996,moderate,0.0,0.0,complete,2,HIGH_HIGH_LOW
105209,0.397659254248743,0.3018383349868029,low,0.7836904545928277,0.1180834133789863,strong,0.6577945312989293,0.1828992037486813,strong,0.910887370719146,0.0644122738706219,trending,0.6465499575331604,0.3351049874303499,moderate,0.0,0.0,complete,2,HIGH_HIGH_LOW
5029,0.3976348460118192,0.3805757629560231,low,0.4120542916995269,0.4792783892824626,moderate,0.4908469361311834,0.446916067461332,moderate,0.5826800929915397,0.2131328449853898,random,15.435333242277968,28.80499502832586,highly_variable,0.0,0.0,complete,2,HIGH_HIGH_LOW
107266,0.3976216526936638,0.3061227746404458,low,0.4981018146440471,0.358683963926627,moderate,0.7613044777199257,0.3285516782786477,strong,0.9720489400343962,0.04841265598583,trending,0.4401168400373782,0.3936852925853372,stable,0.0,0.0,complete,2,HIGH_HIGH_LOW
107448,0.3976175306230356,0.3255927059222712,low,0.5178579571825888,0.327674031060286,moderate,0.5065768109064408,0.4178737153725887,moderate,0.9015734810345089,0.1218196378891247,trending,2.048898746985249,1.9621247542099167,highly_variable,0.0,0.0,complete,2,HIGH_HIGH_LOW
101709,0.3975849130037333,0.3235045936420283,low,0.769413491306034,0.2547501139433217,strong,0.8001045980998358,0.2561280430800156,strong,1.0,0.0,trending,0.3763688405863922,0.190827974342388,stable,0.0,0.0,complete,2,HIGH_HIGH_LOW
107500,0.397571629528522,0.3794424680805545,low,0.5447839929724262,0.3694091323430871,moderate,0.5655526668932304,0.3356771518190597,moderate,0.8751977709309698,0.1528894357152497,trending,0.9962091101187444,1.4293867119942187,moderate,0.0,0.0,complete,2,HIGH_HIGH_LOW
100940,0.3975419449756224,0.1414766509483042,low,0.6924596938748669,0.2232041415339687,strong,0.5306423294488792,0.2009842308738261,moderate,0.8760621463764966,0.0814462298186766,trending,0.8310643850537627,0.6857790461971958,moderate,0.0,0.0,complete,2,HIGH_HIGH_LOW
111103,0.397529462001588,0.0681662395588933,low,0.7412065916899846,0.0769604464493034,strong,0.7038827285811485,0.1324919300183431,strong,1.0,0.0,trending,0.7634011234351672,0.1867312313313862,moderate,0.0,0.0,complete,2,HIGH_HIGH_LOW
110804,0.3974627601586148,0.1746613671046687,low,0.5483553282299469,0.3604840593280249,moderate,0.7149038493957136,0.2487970151933823,strong,0.9773288878325715,0.0407460063082232,trending,1.2683665735928769,0.6489622657389561,variable,0.0,0.0,complete,2,HIGH_HIGH_LOW
108887,0.3974075570372582,0.1487532131454974,low,0.5882670034576989,0.1221064223473753,moderate,0.4624488682776628,0.3001496906783038,moderate,0.9510545965856106,0.0562338702474293,trending,0.8987817421323507,0.241519653717856,moderate,0.0,0.0,complete,2,HIGH_HIGH_LOW
105336,0.3973943998910551,0.0936414994234785,low,0.6170889344853524,0.2678598724255706,strong,0.91614431432726,0.097701416732639,strong,1.0,0.0,trending,1.0250688432924338,0.4036224309805439,variable,0.0,0.0,complete,2,HIGH_HIGH_LOW
104348,0.3973676451365219,0.3066369766113211,low,0.8757146774723049,0.2086368149276419,strong,0.9547789024422496,0.0660263125171687,strong,0.925962027253414,0.0579845183356656,trending,2.8556762059903265,2.4857655968381818,highly_variable,0.0,0.0,complete,2,HIGH_HIGH_LOW
102897,0.3973585019956828,0.2641408260552195,low,0.5682105871673533,0.2739591493733739,moderate,0.796763102724189,0.2139712754493362,strong,0.9456276751513404,0.0829286790826429,trending,3.798344736938161,3.637076147674007,highly_variable,0.0,0.0,complete,2,HIGH_HIGH_LOW
1039,0.3973421119902379,0.2606683555379951,low,0.6447701294377216,0.4351047218437508,strong,0.8090963265623661,0.2365661430766821,strong,0.5211586504037587,0.0630209195611499,random,0.9908931014314464,0.7173640988288859,moderate,0.0,0.0,complete,2,HIGH_HIGH_LOW
103894,0.3972857008918007,0.2103685313118967,low,0.4234249621963978,0.4114466553163814,moderate,0.9188946513886648,0.0712519736456726,strong,0.9941475572457515,0.0117048855084966,trending,0.4643664217637907,0.1925079078354479,stable,0.0,0.0,complete,2,HIGH_HIGH_LOW
101112,0.3972771517683447,0.3322752434482387,low,0.4269899138985514,0.465224761171953,moderate,0.8019617129596316,0.3576750567520244,strong,0.9432953313543402,0.0982153671206406,trending,0.8115923938847868,0.877519187766684,moderate,0.0,0.0,complete,2,HIGH_HIGH_LOW
104537,0.3972391690866357,0.3168197125602754,low,0.6254045395693695,0.2709732540473982,strong,0.5983352126989016,0.3396568176326394,moderate,0.9386503132598782,0.1016493966643099,trending,2.023213848028265,2.293855144505055,highly_variable,0.0,0.0,complete,2,HIGH_HIGH_LOW
9477,0.3972124415165996,0.3601181157185434,low,0.4034804037924055,0.3387570882853045,moderate,0.4207718129058159,0.3106975793355299,moderate,0.8080963242602859,0.1851721734080891,trending,1.2865150137910393,1.4099128410899997,variable,0.0,0.0,complete,2,HIGH_HIGH_LOW
110435,0.397152639093444,0.0896658418411432,low,0.5237796447479615,0.1832138012497083,moderate,0.6174661877780998,0.1800339574876517,strong,0.9078082878317286,0.1144117760844404,trending,0.6548677801179359,0.3789395351229798,moderate,0.0,0.0,complete,2,HIGH_HIGH_LOW
103554,0.3971409773527654,0.3113010731936174,low,0.673285514357961,0.307213030535903,strong,0.9213154271352284,0.0475104651616181,strong,1.0,0.0,trending,1.364976826981471,0.9885386862225072,variable,0.0,0.0,complete,2,HIGH_HIGH_LOW
103237,0.3971090956190984,0.0949108125487973,low,0.550019634475762,0.2948095849980761,moderate,0.4838759741815938,0.3016476020656875,moderate,0.8878220971611024,0.1010997443366501,trending,0.8637551976088519,0.3629916577866489,moderate,0.0,0.0,complete,2,HIGH_HIGH_LOW
100302,0.3970521045227512,0.3241489750740123,low,0.7183338067855976,0.2281668497746354,strong,0.6993052602572096,0.2353967878604066,strong,1.0,0.0,trending,2.0244218526829654,1.2706838001031695,highly_variable,0.0,0.0,complete,2,HIGH_HIGH_LOW
107447,0.3970040579149946,0.3258942411816522,low,0.7223075811074733,0.2236717890367967,strong,0.6346513593765185,0.3340406439914153,strong,0.9453894902229916,0.0758094706836549,trending,1.999732917618188,1.914077426731668,variable,0.0,0.0,complete,2,HIGH_HIGH_LOW
112538,0.396972687980689,0.3093203677427851,low,0.641366980456734,0.1824511796648031,strong,0.4554396422730441,0.309191676869527,moderate,0.8624425504380908,0.0811989278091907,trending,1.544809496329527,1.2108702400355935,variable,0.0,0.0,complete,2,HIGH_HIGH_LOW
108461,0.3969622123006006,0.1345198345691163,low,0.7360462008140716,0.1773801916516806,strong,0.840092530639847,0.0949849482844039,strong,1.0,0.0,trending,1.0747304836233416,0.4125603814249254,variable,0.0,0.0,complete,2,HIGH_HIGH_LOW
103587,0.3968853846350663,0.0416074427873566,low,0.6933321110359598,0.0480535276910131,strong,0.602337539783916,0.0550753339809293,strong,0.9861659788388352,0.0223642290641712,trending,0.7301897941531401,0.1969904039049717,moderate,0.0,0.0,complete,2,HIGH_HIGH_LOW
111104,0.3968817399776934,0.0937251368180632,low,0.7376543248895269,0.10578943240901,strong,0.698710340736056,0.1821248310215109,strong,1.0,0.0,trending,0.7670597366700329,0.192405982677231,moderate,0.0,0.0,complete,2,HIGH_HIGH_LOW
101304,0.3968725596108277,0.1957670048889124,low,0.6490174263727622,0.3013112461921003,strong,0.6337809220370956,0.230808985818469,strong,0.9443627614540476,0.0696156864965744,trending,0.8552988992278138,0.4491357768740541,moderate,0.0,0.0,complete,2,HIGH_HIGH_LOW
107584,0.3968554624814635,0.0981070954428377,low,0.7956409884436377,0.3221799128756968,strong,0.8811336373892097,0.2306925974207635,strong,0.9283474949104612,0.0585040254205146,trending,3.442639692752396,2.035184842149925,highly_variable,0.0,0.0,complete,2,HIGH_HIGH_LOW
103586,0.396821141147115,0.0452003529487772,low,0.771606095184024,0.0331764936345004,strong,0.6183188053857852,0.0615128624736743,strong,0.9834887972176584,0.0277137947308669,trending,0.7802291300128921,0.2633125707006024,moderate,0.0,0.0,complete,2,HIGH_HIGH_LOW
102473,0.3967541124823078,0.2547163653749221,low,0.6824155688641481,0.2825968287156391,strong,0.4054786719136007,0.2075005194046449,moderate,0.8875594506620811,0.1403434694647021,trending,1.7533765019715013,2.445851812256562,variable,0.0,0.0,complete,2,HIGH_HIGH_LOW
100140,0.3966415726723108,0.0590922632630675,low,0.6400219264810297,0.2597269948459612,strong,0.8347645937619985,0.1239699881326989,strong,0.9958222788396012,0.0083554423207974,trending,1.2015286200116206,0.4037017808553545,variable,0.0,0.0,complete,2,HIGH_HIGH_LOW
102051,0.3965873045312281,0.3044072649661052,low,0.6039401070634772,0.2713740952113855,strong,0.8369080446947527,0.1052358154689525,strong,1.0,0.0,trending,0.3692026506410344,0.1992215407052901,stable,0.0,0.0,complete,2,HIGH_HIGH_LOW
102404,0.396578673982929,0.3039102051821752,low,0.6834113950417547,0.1619637900187598,strong,0.6940615495567757,0.1673917595344699,strong,0.962882487654449,0.0456656015774072,trending,0.845857271000213,0.4465583468955624,moderate,0.0,0.0,complete,2,HIGH_HIGH_LOW
103813,0.3965175129685351,0.0450947864300152,low,0.6596564737616722,0.064943140309797,strong,0.6820212600231178,0.0986656314336388,strong,0.9793072692588928,0.0177132734581285,trending,1.2148348421699653,0.459107966042842,variable,0.0,0.0,complete,2,HIGH_HIGH_LOW
103379,0.3964086784301136,0.1799578078816215,low,0.8083081870952812,0.125382004390317,strong,0.4859492314691376,0.2360287306698647,moderate,0.9571413148972292,0.0785974733244949,trending,0.5695925688001111,0.0775860433318524,moderate,0.0,0.0,complete,2,HIGH_HIGH_LOW
105328,0.3963631731558547,0.0605170215209437,low,0.7140947702218359,0.0608280429519999,strong,0.8694854798204797,0.0492419337107194,strong,1.0,0.0,trending,1.1825453194720974,0.1875223831721877,variable,0.0,0.0,complete,2,HIGH_HIGH_LOW
18509,0.3963356662261351,0.3369902785947063,low,0.4555627372873429,0.3940574708673407,moderate,0.5863322791364393,0.3742827234092031,moderate,0.7658127597093111,0.1707986485879691,trending,0.9073914342208592,1.0871926730107344,moderate,0.0,0.0,complete,2,HIGH_HIGH_LOW
109137,0.3963326737741092,0.1908954536002302,low,0.7800705090116624,0.2057917445655862,strong,0.8406054143092365,0.1172466067535861,strong,1.0,0.0,trending,1.553843844419996,0.9037702260086188,variable,0.0,0.0,complete,2,HIGH_HIGH_LOW
102370,0.3963198090765885,0.1581518280865871,low,0.6117300586446668,0.2767212019221455,strong,0.788870665770816,0.2077781314300469,strong,1.0,0.0,trending,1.6861155816730342,0.9093715321747592,variable,0.0,0.0,complete,2,HIGH_HIGH_LOW
111505,0.3963073237136184,0.3300947656176574,low,0.7312218976490655,0.1571478701983786,strong,0.6539709568624685,0.3237052244573625,strong,0.9300976184819024,0.1210744763594086,trending,1.8376909353426607,2.754299393436713,variable,0.0,0.0,complete,2,HIGH_HIGH_LOW
104536,0.3962824860882596,0.3173592635748399,low,0.6270367020677188,0.2699380718425432,strong,0.6312399933228179,0.3421623406154481,strong,0.9343438769231702,0.1097426635549744,trending,2.043925410506356,2.28390774161071,highly_variable,0.0,0.0,complete,2,HIGH_HIGH_LOW
103380,0.3962403701319251,0.3179546560732357,low,0.7811958708460287,0.2123206100725313,strong,0.4094937900968853,0.3592135708080385,moderate,0.8672734324967125,0.089020009689352,trending,2.5780121896310058,2.553399783466724,highly_variable,0.0,0.0,complete,2,HIGH_HIGH_LOW
100808,0.3962113777852935,0.2376587584235925,low,0.7241393203020797,0.225084575143765,strong,0.5261390401578278,0.2269624326447981,moderate,0.9194756230198364,0.1461866822841868,trending,1.7776324477926218,2.4263957785838235,variable,0.0,0.0,complete,2,HIGH_HIGH_LOW
5696,0.3961985957880197,0.2645021835971931,low,0.5039412164810786,0.3894313283465746,moderate,0.7357318390149367,0.375099610668381,strong,0.904427856937206,0.1263379828298848,trending,2.296227506224374,2.866912601540992,highly_variable,0.0,0.0,complete,2,HIGH_HIGH_LOW
106971,0.3960524185915065,0.0820568273796437,low,0.7546135766606933,0.1036267743032855,strong,0.577531631635761,0.2302163157682206,moderate,1.0,0.0,trending,1.0350880716664437,0.561855325405451,variable,0.0,0.0,complete,2,HIGH_HIGH_LOW
100410,0.3960278687426232,0.1557275491146872,low,0.6465262414729973,0.3425163321224443,strong,0.6183353315638707,0.364892552552045,strong,0.8737328684864754,0.0899384753808714,trending,3.0955312359809475,4.4015571032932055,highly_variable,0.0,0.0,complete,2,HIGH_HIGH_LOW
16989,0.3959937003460706,0.1132861483101038,low,0.4821961822662524,0.3713220710700913,moderate,0.8823793013727436,0.0773234956409608,strong,1.0,0.0,trending,1.220122408052108,0.8975756599199087,variable,0.0,0.0,complete,2,HIGH_HIGH_LOW
101697,0.3958959403800731,0.3264500335041961,low,0.435262759142172,0.3533911286050883,moderate,0.781988979005069,0.1449035300822349,strong,1.0,0.0,trending,0.8148201085652689,0.4342843260251581,moderate,0.0,0.0,complete,2,HIGH_HIGH_LOW
109324,0.3958761437407965,0.1654482067263676,low,0.7430464097716409,0.2121539279612791,strong,0.5781974738176153,0.1711397485699164,moderate,0.9791688666886572,0.0416622666226854,trending,0.4295039378340474,0.0829684682355303,stable,0.0,0.0,complete,2,HIGH_HIGH_LOW
102782,0.395826376414912,0.1625866534135158,low,0.5708181354681043,0.2621284042068278,moderate,0.5068572291402682,0.2589411534294055,moderate,0.878074717294219,0.0985958292455143,trending,1.1357918758628502,0.9372782892388756,variable,0.0,0.0,complete,2,HIGH_HIGH_LOW
110948,0.3958160903167613,0.3052916630905184,low,0.5917781172735367,0.2205248605945508,moderate,0.7742086218031214,0.1373414081434761,strong,0.9982141181515082,0.0030932380979028,trending,0.9986986381003436,1.1331076416354318,moderate,0.0,0.0,complete,2,HIGH_HIGH_LOW
111764,0.3957632371017305,0.0779130466769788,low,0.7563784963486857,0.3527206722655432,strong,0.7265314597602526,0.1356796377298044,strong,0.9868026711431056,0.0263946577137886,trending,0.868515343093091,0.3695749218135168,moderate,0.0,0.0,complete,2,HIGH_HIGH_LOW
107814,0.3957449436803257,0.2438660405517766,low,0.6698326050553453,0.3146869597828821,strong,0.5333959465813586,0.2581047226501176,moderate,0.9338541423666208,0.093137876250841,trending,0.8190739387796111,0.7791307083558185,moderate,0.0,0.0,complete,2,HIGH_HIGH_LOW
103355,0.3957218223521409,0.1874022702286017,low,0.7793195977601519,0.1784259646662347,strong,0.4527968920357763,0.2421187713060323,moderate,0.9641755178267832,0.0545560693448347,trending,0.5907000334460232,0.0296052168616756,moderate,0.0,0.0,complete,2,HIGH_HIGH_LOW
103809,0.3957105830424989,0.0474402623650365,low,0.6589908924502096,0.0641388405910426,strong,0.6907100282476646,0.0874374968520065,strong,0.9909208669561068,0.0121923702570706,trending,1.2166453684211107,0.4558240151511962,variable,0.0,0.0,complete,2,HIGH_HIGH_LOW
108621,0.3956314982919527,0.1837712226526832,low,0.6836196851968815,0.240011795870097,strong,0.6355097440538214,0.2037973037589636,strong,1.0,0.0,trending,0.5620039587415155,0.1598317838675068,moderate,0.0,0.0,complete,2,HIGH_HIGH_LOW
106521,0.3956083192612064,0.0864321816908142,low,0.7442322447448916,0.1238661084722086,strong,0.711149924014564,0.211873560511144,strong,0.9817794221930816,0.0233566921082791,trending,0.7257845901736989,0.1971541926347048,moderate,0.0,0.0,complete,2,HIGH_HIGH_LOW
100764,0.3955752284076077,0.1629759226351985,low,0.7258192936469428,0.2456144734900933,strong,0.5271120105374912,0.2426741336920533,moderate,0.9997587021935054,0.0004825956129893,trending,0.833600696029231,0.4907061273967769,moderate,0.0,0.0,complete,2,HIGH_HIGH_LOW
100468,0.3955271203828771,0.3191996500500042,low,0.5979552512992031,0.3042424980617788,moderate,0.7659601854808271,0.204496586719153,strong,1.0,0.0,trending,1.118034402854894,0.7749215383857283,variable,0.0,0.0,complete,2,HIGH_HIGH_LOW
108661,0.3952760997459349,0.1987603076577238,low,0.6394124106641728,0.2902955415412424,strong,0.5167375586729942,0.274915771610824,moderate,0.9923813014829737,0.0152373970340528,trending,0.6389863001932644,0.1482136181437713,moderate,0.0,0.0,complete,2,HIGH_HIGH_LOW
111507,0.3952406924555555,0.3291247745829348,low,0.6926470586525961,0.2292700201566639,strong,0.6401492015904549,0.3233707233324508,strong,0.936366643542287,0.1102162064408999,trending,1.8420986742296728,2.7011781465621985,variable,0.0,0.0,complete,2,HIGH_HIGH_LOW
103546,0.395133684655734,0.2062926396226145,low,0.4205563061246303,0.2747994673841555,moderate,0.837045219161509,0.2459743936892997,strong,1.0,0.0,trending,1.3843961634949142,0.6466555471871758,variable,0.0,0.0,complete,2,HIGH_HIGH_LOW
105007,0.3951060638751362,0.137591984601062,low,0.6989382238438404,0.305891992414915,strong,0.7615837289429245,0.1856660150382616,strong,0.9897230420665892,0.0205539158668216,trending,0.7390001080046503,0.2485099819157125,moderate,0.0,0.0,complete,2,HIGH_HIGH_LOW
109323,0.3950985428964396,0.1692575305961764,low,0.7333836686831564,0.233734347664251,strong,0.5853319022763092,0.1851044925622176,moderate,0.9789829373370208,0.0420341253259586,trending,0.4323184328980004,0.0813112871616597,stable,0.0,0.0,complete,2,HIGH_HIGH_LOW
106150,0.3950842664799115,0.3196123470362383,low,0.6474274275683646,0.2301325943851722,strong,0.7316657600504886,0.1443844214675727,strong,1.0,0.0,trending,0.374639681083898,0.2430508200863819,stable,0.0,0.0,complete,2,HIGH_HIGH_LOW
101925,0.3950740119765006,0.362012491549947,low,0.7416615611951446,0.2086858634395435,strong,0.719279036253287,0.3004934752357359,strong,1.0,0.0,trending,1.113598953545175,0.6434246860093029,variable,0.0,0.0,complete,2,HIGH_HIGH_LOW
110132,0.3950118294284815,0.3426321624300288,low,0.807135266750348,0.2002639884161175,strong,0.4800924241318692,0.2616293082327126,moderate,0.8604536041682669,0.1845349037066428,trending,4.893879384683063,8.17861566319356,highly_variable,0.0,0.0,complete,2,HIGH_HIGH_LOW
109620,0.3949827044842003,0.2159429479911272,low,0.7977482623742455,0.0875651321088514,strong,0.6705475736123441,0.1909205217495774,strong,0.9149529542840752,0.1550760613684799,trending,2.2927945726889023,2.323856465058374,highly_variable,0.0,0.0,complete,2,HIGH_HIGH_LOW
106140,0.3949309526502615,0.3040726665937708,low,0.6966016758828673,0.3062872014650465,strong,0.8431253823593619,0.1759546391249324,strong,0.9939684132048944,0.0104470147793844,trending,0.7432607332646424,0.6347551800522107,moderate,0.0,0.0,complete,2,HIGH_HIGH_LOW
109104,0.3948615520227003,0.3271415139874025,low,0.5164272483412139,0.3176190870583162,moderate,0.7985721412198019,0.2354770913261597,strong,1.0,0.0,trending,0.5101337778092402,0.2581046617371432,moderate,0.0,0.0,complete,2,HIGH_HIGH_LOW
105127,0.3948581078682157,0.3067636569715176,low,0.7877120500682501,0.2035810170113039,strong,0.8370657208330419,0.1775664023867503,strong,0.962028829976828,0.0657679957029703,trending,0.7597752978209418,0.4560518951659875,moderate,0.0,0.0,complete,2,HIGH_HIGH_LOW
105014,0.394854517114767,0.2993747466491705,low,0.4686168047429214,0.2833200572829361,moderate,0.681257685738978,0.3432444530875598,strong,0.9101662611920724,0.1006716938929366,trending,1.857158582792218,1.7977959870228024,variable,0.0,0.0,complete,2,HIGH_HIGH_LOW
100805,0.3948275748958715,0.2514154159643822,low,0.7307139653288519,0.2104665377968841,strong,0.5017685586050282,0.1989103763529386,moderate,0.9082588874360952,0.1436363370648404,trending,1.7594671953921768,2.4044372054430028,variable,0.0,0.0,complete,2,HIGH_HIGH_LOW
107531,0.3948071133853322,0.3433845301136308,low,0.6137187110541744,0.379895846443792,strong,0.5600510155803249,0.3514185155949472,moderate,0.9059494910409588,0.1629002599947713,trending,1.0820663752243131,1.360468360987909,variable,0.0,0.0,complete,2,HIGH_HIGH_LOW
101883,0.3947477237247521,0.3377933813406968,low,0.5379341233655234,0.3715924374498686,moderate,0.4016916080348823,0.3097914724605711,moderate,0.840727769568093,0.170209652791576,trending,0.9334278044079196,0.5255729990232132,moderate,0.0,0.0,complete,2,HIGH_HIGH_LOW
16484,0.3946397586887902,0.0639912606942559,low,0.5530118367823729,0.2198461908374736,moderate,0.5660475869895489,0.199431350650748,moderate,0.9805162757757352,0.0389674484485299,trending,0.9292128959987812,0.429191913315127,moderate,0.0,0.0,complete,2,HIGH_HIGH_LOW
105596,0.3945787308876766,0.3303595181778554,low,0.6963651262480969,0.3512472109899526,strong,0.4699383576498695,0.3677033882205178,moderate,0.8560714977105136,0.147089615897687,trending,0.9274583386416462,1.523795811397426,moderate,0.0,0.0,complete,2,HIGH_HIGH_LOW
102713,0.3945621903968679,0.3131089457501558,low,0.5521918637489394,0.2969876185113616,moderate,0.6207545016508262,0.2115775658361962,strong,0.9485111149421288,0.047966889201797,trending,0.5399560166423856,0.3075117725189033,moderate,0.0,0.0,complete,2,HIGH_HIGH_LOW
107479,0.3945389438524394,0.0966363537394107,low,0.8801010449409363,0.1808674642795822,strong,0.9752833191775796,0.0357004803938393,strong,0.9746579879066812,0.038569775948834,trending,3.6880337345126457,2.884474471317851,highly_variable,0.0,0.0,complete,2,HIGH_HIGH_LOW
103325,0.3945267069301525,0.3269594046997082,low,0.6079935777845555,0.2730874551775449,strong,0.5820580989346024,0.2397673927124229,moderate,0.969055663810374,0.0314283998563231,trending,0.6024735208352135,0.3564134926452151,moderate,0.0,0.0,complete,2,HIGH_HIGH_LOW
105056,0.3944447284019413,0.1688013987334627,low,0.675886668449336,0.3132155709667849,strong,0.6830512610097379,0.3235028681468992,strong,0.9802022833047108,0.0395954333905785,trending,0.851266897335669,0.4262197402652897,moderate,0.0,0.0,complete,2,HIGH_HIGH_LOW
105239,0.3943358870464402,0.0285665587595144,low,0.8090153938626277,0.0369163690909473,strong,0.6069947115796978,0.164794508261923,strong,0.9807290969757954,0.0258161152272434,trending,0.886400359654265,0.3571149097476341,moderate,0.0,0.0,complete,2,HIGH_HIGH_LOW
111641,0.3943237164189314,0.3077286481780301,low,0.8188287268642822,0.1470762421492045,strong,0.8125885751259638,0.1704650321417303,strong,1.0,0.0,trending,1.2415187791933602,0.8609964890368826,variable,0.0,0.0,complete,2,HIGH_HIGH_LOW
107301,0.3941988802256315,0.2584227782624368,low,0.8184171473228024,0.2089233388085896,strong,0.7497160023006142,0.2957603170776077,strong,0.9001734530675314,0.1996530938649372,trending,24.708355927501582,48.05743684797631,highly_variable,0.0,0.0,complete,2,HIGH_HIGH_LOW
110678,0.3941871316025701,0.2051699411191187,low,0.7523576480676094,0.1385226841421763,strong,0.7034468712334375,0.1366571902313566,strong,0.997638699832006,0.0047226003359879,trending,0.6990869047904253,0.1682060352979883,moderate,0.0,0.0,complete,2,HIGH_HIGH_LOW
102654,0.3941746681174291,0.3098961698165963,low,0.425244621299045,0.3381625945094386,moderate,0.9438302476961048,0.0416535737230539,strong,1.0,0.0,trending,0.7649720930663336,0.4315231818521972,moderate,0.0,0.0,complete,2,HIGH_HIGH_LOW
101219,0.3941687847774316,0.315109887120812,low,0.5506267727251254,0.2810221705118415,moderate,0.7102503786821732,0.188114782069113,strong,0.9431670216529856,0.0376654032117324,trending,1.7660303461375566,2.2575116110938667,variable,0.0,0.0,complete,2,HIGH_HIGH_LOW
110712,0.3941209392611076,0.1379131905081485,low,0.7366489625355629,0.1248305615930088,strong,0.568395030879299,0.1824789966578721,moderate,0.9540300075843346,0.0423626560459329,trending,0.5962596726418503,0.243793052875904,moderate,0.0,0.0,complete,2,HIGH_HIGH_LOW
100459,0.3940789885055472,0.3279522009679323,low,0.6155088210134302,0.3188526651035551,strong,0.7271053335514219,0.2252722076424865,strong,0.9903785609125868,0.0089581053688468,trending,1.1738186063001137,0.7875154871179103,variable,0.0,0.0,complete,2,HIGH_HIGH_LOW
108613,0.3940541882461339,0.1771528014353984,low,0.6747138923431335,0.242828012795297,strong,0.7273521110128952,0.2983854746422518,strong,0.9696497849225584,0.0607004301548832,trending,0.6428746594199369,0.3351458665954825,moderate,0.0,0.0,complete,2,HIGH_HIGH_LOW
107938,0.3940025576993642,0.1430098584341585,low,0.6188846704956983,0.2271678123249512,strong,0.6089193881624386,0.1842628328986745,strong,0.9945658437103156,0.0108683125793688,trending,1.420220213649102,2.030499496093151,variable,0.0,0.0,complete,2,HIGH_HIGH_LOW
100019,0.3939744856464496,0.0748349685908689,low,0.861532943270513,0.1346464671324074,strong,0.8580928479243475,0.1165564737142178,strong,1.0,0.0,trending,0.9959051004649964,0.151689045714037,moderate,0.0,0.0,complete,2,HIGH_HIGH_LOW
112046,0.3939181171901659,0.1130491992232593,low,0.7660240949731101,0.1339666639122121,strong,0.552486498906481,0.1521815204701249,moderate,0.9748397153141816,0.0325771510200587,trending,0.4760070607396199,0.1084229449876586,stable,0.0,0.0,complete,2,HIGH_HIGH_LOW
110711,0.3939096771069049,0.1382595904906735,low,0.7402108237246889,0.1168163699174022,strong,0.5763670777759988,0.1787281844292191,moderate,0.9547035378148998,0.0412834640675243,trending,0.5943118477418998,0.2305802941354523,moderate,0.0,0.0,complete,2,HIGH_HIGH_LOW
101960,0.3938915317887886,0.3226878137610529,low,0.4419390550397818,0.3455021146786959,moderate,0.7980645044695897,0.1143276671762172,strong,0.9846634982843686,0.0153367755987855,trending,0.553508772764669,0.371304036358711,moderate,0.0,0.0,complete,2,HIGH_HIGH_LOW
109606,0.3990540971690824,0.2127997369661993,low,0.6620531062243735,0.2802296987633491,strong,0.2897267991461953,0.1597063635772957,weak,0.8772999454065473,0.1235171643262285,trending,0.6932702922939045,0.3935686571626393,moderate,0.0,0.0,complete,20,LOW_HIGH_LOW
8990,0.3989284781674238,0.3738950250774893,low,0.4609140421720152,0.4458083917959654,moderate,0.2827898110345641,0.3840806676229056,weak,0.6425598227818131,0.1370792495050183,trending,2.556706691267208,3.761757737861836,highly_variable,0.0,0.0,complete,20,LOW_HIGH_LOW
112355,0.3988762764091217,0.0678056661693508,low,0.5391056498363079,0.1776063351066638,moderate,0.2086302881200492,0.1020039209028153,weak,0.8016642369877296,0.1147610420578724,trending,0.697379281742168,0.2569967898878431,moderate,0.0,0.0,complete,20,LOW_HIGH_LOW
105833,0.3988016043390766,0.3034388712746133,low,0.6432004510842967,0.1841063254941281,strong,0.3966536614578001,0.3265305160954042,moderate,0.8155155470846007,0.1280892919773531,trending,1.143618334098544,0.8120194311652856,variable,0.0,0.0,complete,20,LOW_HIGH_LOW
105691,0.398093970446267,0.1827668177189348,low,0.7741165917648597,0.2106345603219797,strong,0.2388411477689257,0.1799124645470624,weak,0.7819379346220292,0.2152981618085243,trending,1.0627530135600494,0.3823259095678798,variable,0.0,0.0,complete,20,LOW_HIGH_LOW
103350,0.3976894609342493,0.3174004818065508,low,0.786043853069385,0.1886565602983397,strong,0.3773549677980042,0.3467602450359583,moderate,0.8639823386359899,0.0890318948799751,trending,2.600344898441841,2.5833791816940384,highly_variable,0.0,0.0,complete,20,LOW_HIGH_LOW
110083,0.3966251807967904,0.2548290169515665,low,0.6669823714084412,0.3005411488556614,strong,0.3723773700171233,0.2350288058391215,moderate,0.8699043713009621,0.140896780631368,trending,1.775990697359573,2.434259568668002,variable,0.0,0.0,complete,20,LOW_HIGH_LOW
100837,0.39614857127724,0.2009775613467165,low,0.6806204458042604,0.2770634703732322,strong,0.3504309836862808,0.2296579254016197,moderate,0.9812002057792004,0.0233963292286185,trending,1.0580661777381046,1.121238901203669,variable,0.0,0.0,complete,20,LOW_HIGH_LOW
108992,0.3960689979079322,0.1859123453542212,low,0.6455805975518105,0.2382697534274456,strong,0.3813717710184807,0.2007705408367974,moderate,0.9773855174091908,0.0249158860423492,trending,0.8861224181983823,0.3091036569229777,moderate,0.0,0.0,complete,20,LOW_HIGH_LOW
102162,0.3958021096872607,0.0540539516828195,low,0.7115962192983234,0.0780933741128102,strong,0.3748842539878345,0.0546985845156237,moderate,0.8626200903543838,0.0715045410660872,trending,1.1071095921741478,0.3186066920225713,variable,0.0,0.0,complete,20,LOW_HIGH_LOW
108289,0.3951319871863634,0.1069807371666138,low,0.5525955550888801,0.1877933220135619,moderate,0.21885712749601,0.0531032425647522,weak,0.9214678296167478,0.0401917880006108,trending,0.9366027439820036,0.4131105643339043,moderate,0.0,0.0,complete,20,LOW_HIGH_LOW
109501,0.3917769650839499,0.2172511485605645,low,0.6326323736902881,0.3061604216389039,strong,0.3948651331488341,0.2802292781562266,moderate,0.8704417426028479,0.1185834288315718,trending,0.7516083772251514,0.397684438016998,moderate,0.0,0.0,complete,20,LOW_HIGH_LOW
1403,0.3913640239699819,0.1962300789791361,low,0.493831949298777,0.24005630161867,moderate,0.3957838175463556,0.3427745617609435,moderate,0.5751500480451701,0.158779717482636,random,0.4491512481475898,0.1360022696496374,stable,0.0,0.0,complete,20,LOW_HIGH_LOW
110790,0.3910362529807097,0.3065519849953334,low,0.637078582359992,0.18741256636686,strong,0.3147079787973956,0.3427029114540748,moderate,0.8225726707623513,0.0201027829955057,trending,0.8619664039292472,0.5589382575878088,moderate,0.0,0.0,complete,20,LOW_HIGH_LOW
109261,0.3902941805838775,0.0936811741610342,low,0.6493161785039159,0.1296387804750686,strong,0.3676010385123305,0.1138225814006425,moderate,0.9392502648501644,0.0552697756373772,trending,0.6999466031983872,0.4788834050166921,moderate,0.0,0.0,complete,20,LOW_HIGH_LOW
108236,0.3896793363368388,0.1145628845701387,low,0.544514807759775,0.1925293972697923,moderate,0.2120469522179717,0.0602031889301418,weak,0.9286594162667012,0.0432330874850954,trending,0.9431418779717298,0.4111060488989078,moderate,0.0,0.0,complete,20,LOW_HIGH_LOW
109609,0.3892045890470546,0.2157814026083927,low,0.6672056983775069,0.2792844927313481,strong,0.2810434401458969,0.1467208376831664,weak,0.8869485358431757,0.1093541831191355,trending,0.6950402030401415,0.3911825663651349,moderate,0.0,0.0,complete,20,LOW_HIGH_LOW
100836,0.3891496373553884,0.1990330640708799,low,0.6791501015723737,0.2681900510223098,strong,0.319397369440643,0.1968333719807896,moderate,0.9863181622170256,0.0090065511275662,trending,1.0648073556409947,1.1283261210907616,variable,0.0,0.0,complete,20,LOW_HIGH_LOW
109605,0.3889409808042722,0.2266461239528264,low,0.6487566085324918,0.2954232231818307,strong,0.2721067341675633,0.1532555407034015,weak,0.880761450881999,0.1199750824031978,trending,0.7420225348757756,0.4885827388808559,moderate,0.0,0.0,complete,20,LOW_HIGH_LOW
103838,0.3888827170359854,0.2068345505585261,low,0.7178010059504853,0.2693239357596415,strong,0.3622530769783351,0.1960319503284605,moderate,0.8571958149512717,0.0523964657450345,trending,1.2201390169903048,1.3166781270165218,variable,0.0,0.0,complete,20,LOW_HIGH_LOW
108233,0.3885079356482892,0.1120055858149794,low,0.545059492515046,0.1899652160334551,moderate,0.2314654736771096,0.04118073903904,weak,0.9302567623477528,0.0412141631891308,trending,0.9513870301285215,0.3976695338223363,moderate,0.0,0.0,complete,20,LOW_HIGH_LOW
12012,0.387909677591967,0.3513143071743825,low,0.4284970011899824,0.4062964078836581,moderate,0.2739835160882123,0.3682811801256316,weak,0.6627544079840467,0.1952162651616574,trending,6.560825949188903,12.542364294150268,highly_variable,0.0,0.0,complete,20,LOW_HIGH_LOW
10737,0.3877558108648759,0.2463555113623121,low,0.4103953856592947,0.4233005743250806,moderate,0.2898818952643242,0.3558917151952432,weak,0.8555237442447874,0.1481247220059485,trending,0.6545813330812074,0.3883201859730829,moderate,0.0,0.0,complete,20,LOW_HIGH_LOW
102428,0.3877089298312901,0.3248854566956703,low,0.7217039279733206,0.1894607361348754,strong,0.3735582602949798,0.3239895921096921,moderate,0.7978921551355567,0.1121537057939832,trending,0.9351297628030422,0.8901982936406742,moderate,0.0,0.0,complete,20,LOW_HIGH_LOW
112377,0.387608610766312,0.0672720149246792,low,0.5318605499840168,0.1762400837182015,moderate,0.215864585533873,0.0969950388525185,weak,0.8111014149274485,0.1216731638960543,trending,0.7166335567236117,0.2533369651822305,moderate,0.0,0.0,complete,20,LOW_HIGH_LOW
112381,0.3867658989328063,0.0709332564820876,low,0.5396434331326112,0.1764585938869629,moderate,0.2464661874861941,0.1292808825125357,weak,0.8408542188570461,0.1358296431587103,trending,0.7119985693667106,0.234556378606068,moderate,0.0,0.0,complete,20,LOW_HIGH_LOW
104757,0.3865671093437209,0.2121510932844794,low,0.6787258819108772,0.2565611485095925,strong,0.355015563809848,0.1685501833468234,moderate,0.9867290437326744,0.0265419125346512,trending,1.1675005341964526,0.3187336844903215,variable,0.0,0.0,complete,20,LOW_HIGH_LOW
112378,0.3862680472179208,0.0698921232107623,low,0.5359874151670476,0.1758186552006852,moderate,0.2294135787471612,0.1046566511743282,weak,0.8442304396304735,0.1431322778147903,trending,0.7099157107421883,0.2522997061185525,moderate,0.0,0.0,complete,20,LOW_HIGH_LOW
103348,0.3857951802402726,0.3221288408658327,low,0.76847383501799,0.2137584521796626,strong,0.3980315216050033,0.3378116766946727,moderate,0.8476311521247933,0.1078798617181699,trending,2.5798093388279564,2.5098778424251185,highly_variable,0.0,0.0,complete,20,LOW_HIGH_LOW
107199,0.3853010502297944,0.014356806763267,low,0.9046135625785248,0.0183160001010088,strong,0.2661133476589026,0.2781622781456154,weak,0.8752439814410099,0.0682843664984166,trending,1.6226349059176015,0.5014648393972148,variable,0.0,0.0,complete,20,LOW_HIGH_LOW
111619,0.3839338776948169,0.3459034038332161,low,0.7034298193384529,0.3283508901927841,strong,0.3274542334152721,0.389757334113869,moderate,0.7953039835566733,0.120987362368132,trending,2.2432495148527325,2.021096211992996,highly_variable,0.0,0.0,complete,20,LOW_HIGH_LOW
109500,0.3826298841805073,0.2070654997945809,low,0.6281329055075923,0.2885573223446792,strong,0.3740894133582747,0.265153233132101,moderate,0.8515573305109726,0.131420333794443,trending,0.7410732393194611,0.3674537850605017,moderate,0.0,0.0,complete,20,LOW_HIGH_LOW
106697,0.3826126317716413,0.3108951348242289,low,0.704797634898595,0.1699710000747956,strong,0.3604210457509732,0.3323927481047983,moderate,1.0,0.0,trending,1.6283313762445275,1.5040772509404814,variable,0.0,0.0,complete,20,LOW_HIGH_LOW
112379,0.3826015910173253,0.0709600909581597,low,0.5296293351266316,0.17259438736763,moderate,0.2204485571805338,0.1001825252738294,weak,0.8386607305651319,0.1395608019048661,trending,0.7060731853275064,0.2511682992519085,moderate,0.0,0.0,complete,20,LOW_HIGH_LOW
108290,0.3819115158208814,0.1090979238285972,low,0.5410363890353509,0.17527241445317,moderate,0.2257840494257142,0.0599830199772382,weak,0.9245307525882508,0.038045656438099,trending,0.9501258323196448,0.3999401060150269,moderate,0.0,0.0,complete,20,LOW_HIGH_LOW
112399,0.3815428770755898,0.277855912640332,low,0.5994954617797623,0.3820022855786382,moderate,0.3915340653147964,0.2567646814113842,moderate,0.8968692800824984,0.1159056007461387,trending,0.6763409810447996,0.1447793549879799,moderate,0.0,0.0,complete,20,LOW_HIGH_LOW
109557,0.3807559417509998,0.2283468942084631,low,0.6217537542470739,0.3197622991215931,strong,0.3940642675508947,0.2729244345333158,moderate,0.8753477495361276,0.1129684621166614,trending,0.7555848757161886,0.3973096981870584,moderate,0.0,0.0,complete,20,LOW_HIGH_LOW
103942,0.3805410814253537,0.0406810268148268,low,0.5620088676158469,0.0385669363208025,moderate,0.3067917950861337,0.0803058234934104,moderate,0.7253923327268079,0.0957980498761427,trending,1.002881459856464,0.324578355931841,variable,0.0,0.0,complete,20,LOW_HIGH_LOW
103941,0.3805345569468335,0.0426207542594154,low,0.5562878979876904,0.0405886166836721,moderate,0.313917541345147,0.0739848851789943,moderate,0.7139769761664109,0.1037040442219055,trending,0.9618514761994224,0.2967927238571357,moderate,0.0,0.0,complete,20,LOW_HIGH_LOW
11158,0.3803361556117072,0.3589920673887934,low,0.4787299745706285,0.4056172766779561,moderate,0.1946942727841051,0.3723268365166043,weak,0.4774568671869461,0.1207479467923663,random,9.572248796509196,16.532894964864646,highly_variable,0.0,0.0,complete,20,LOW_HIGH_LOW
109603,0.3794729357973075,0.2317303405626515,low,0.6325132422439224,0.3028670458634651,strong,0.2558221832079314,0.1522907035735448,weak,0.8819208276440762,0.1082668510484126,trending,0.7414008822148531,0.4750000296997428,moderate,0.0,0.0,complete,20,LOW_HIGH_LOW
109298,0.3793730448529729,0.1095717055359601,low,0.6175286799885258,0.1498342638873541,strong,0.3456808876479208,0.1408041589376106,moderate,0.9364487574431696,0.0542945963984112,trending,0.6190422062649563,0.3285217439190765,moderate,0.0,0.0,complete,20,LOW_HIGH_LOW
108234,0.3792649401710741,0.114363529916287,low,0.5347172384798887,0.1841345305568897,moderate,0.2310911047357868,0.0506957726168851,weak,0.9324473751874364,0.042205015386892,trending,0.9561237058589654,0.4044994789391509,moderate,0.0,0.0,complete,20,LOW_HIGH_LOW
112337,0.3785232635172454,0.0687719451060755,low,0.52045800820261,0.1707241353555904,moderate,0.2274975327064706,0.1054493100560293,weak,0.8190829333335559,0.1303052320023167,trending,0.7231593883774222,0.2480902204651539,moderate,0.0,0.0,complete,20,LOW_HIGH_LOW
10738,0.3780145636612718,0.237695126397557,low,0.4044724304454575,0.409030997750836,moderate,0.3302237482579159,0.3409421173039959,moderate,0.8711708671654306,0.1433974621879609,trending,0.8191605224027251,0.5729491542380758,moderate,0.0,0.0,complete,20,LOW_HIGH_LOW
13956,0.3779752917329101,0.3017505897149962,low,0.549468808077371,0.3620598604348137,moderate,0.2332819907434987,0.184948303104844,weak,0.6910494213824079,0.2177667631987868,trending,0.8671228706021769,0.5138386280177163,moderate,0.0,0.0,complete,20,LOW_HIGH_LOW
109556,0.377528055035748,0.2145418181984585,low,0.617027149222475,0.3023727506784565,strong,0.3740873974598003,0.2686998911618054,moderate,0.8514826487663398,0.1367021368608307,trending,0.7546512414637345,0.3819795656961658,moderate,0.0,0.0,complete,20,LOW_HIGH_LOW
110786,0.3768005312745737,0.3145210693825058,low,0.6128538556500807,0.2029300929345779,strong,0.3553369539784409,0.330998590833953,moderate,0.8723783954022207,0.0276485172904115,trending,0.9146744716406128,0.5727308438385971,moderate,0.0,0.0,complete,20,LOW_HIGH_LOW
107198,0.3760706774916093,0.0162230688085307,low,0.892892763350375,0.0212216685826321,strong,0.2442851678687018,0.2588864480884567,weak,0.8613564921229585,0.0761185356565117,trending,1.7660744634259171,0.3397908528302411,variable,0.0,0.0,complete,20,LOW_HIGH_LOW
101209,0.3758217108602718,0.3266646294878862,low,0.5842450889477628,0.2876871718147513,moderate,0.3412796105622087,0.3470230293457491,moderate,0.8734378353196445,0.075306213449115,trending,1.1750315845956922,0.8398485348958186,variable,0.0,0.0,complete,20,LOW_HIGH_LOW
12324,0.3749035798362723,0.1711672598167602,low,0.8766336490747163,0.0846667382451469,strong,0.3745287817286042,0.4098929072945417,moderate,0.7326917677588849,0.176878821198872,trending,0.787982771463208,0.528754534023112,moderate,0.0,0.0,complete,20,LOW_HIGH_LOW
103943,0.3747230464202263,0.047139231178093,low,0.5529145976003053,0.0456037830091672,moderate,0.3111206143184349,0.0769776010477436,moderate,0.72159012318491,0.097843235863225,trending,0.9857984975606332,0.3056278236075475,moderate,0.0,0.0,complete,20,LOW_HIGH_LOW
102474,0.3746920238966103,0.2453840899694004,low,0.6577779098778086,0.274070862394815,strong,0.3583956841998461,0.2406040609574923,moderate,0.8833437101161359,0.1367023170853992,trending,1.7881122830290153,2.447858706681612,variable,0.0,0.0,complete,20,LOW_HIGH_LOW
100542,0.3746113201572966,0.1358532644657461,low,0.819322718402217,0.2066653197451158,strong,0.3850210511211148,0.3101338452152886,moderate,0.9647235604219382,0.0687350624768659,trending,1.2174464261360067,0.3412348218210992,variable,0.0,0.0,complete,20,LOW_HIGH_LOW
103940,0.3743966999324563,0.0409065029232085,low,0.5541116521582827,0.0395672080933009,moderate,0.3084342906637264,0.0786980379821211,moderate,0.713321072369766,0.112437776339029,trending,1.00243710652834,0.327136503530433,variable,0.0,0.0,complete,20,LOW_HIGH_LOW
110787,0.3743758224176826,0.3146611293651289,low,0.6350070086963799,0.1907894720060451,strong,0.3197336816652925,0.3416731780778873,moderate,0.8998425563868274,0.0290311892922238,trending,0.972230177383648,0.603381479081378,moderate,0.0,0.0,complete,20,LOW_HIGH_LOW
6887,0.374088620311493,0.2923548252250824,low,0.4048807283531371,0.4264395576345657,moderate,0.3112326871412206,0.2321809454115037,moderate,0.8006338670479108,0.1694272526440482,trending,1.24476548251573,1.1315129360995406,variable,0.0,0.0,complete,20,LOW_HIGH_LOW
109604,0.3739910066608174,0.2241202697709738,low,0.6394774222792269,0.2892263302666661,strong,0.3033182767716713,0.1570084947801069,moderate,0.8824405005393224,0.1197363141269962,trending,0.7376903115198127,0.4481815880064492,moderate,0.0,0.0,complete,20,LOW_HIGH_LOW
110788,0.3738334642830522,0.3162320517482767,low,0.6073885084314478,0.2069419384634708,strong,0.3104651669959523,0.3447854462814886,moderate,0.8229890730608245,0.0512912541928674,trending,0.8862929136649285,0.5763032422135831,moderate,0.0,0.0,complete,20,LOW_HIGH_LOW
107415,0.3735930900166331,0.3137911056709646,low,0.4039775200005741,0.3898779729844239,moderate,0.398630990871384,0.3096980742718118,moderate,0.8203852767691437,0.059862131760754,trending,1.2548353026167702,0.7136824336435432,variable,0.0,0.0,complete,20,LOW_HIGH_LOW
10741,0.3733760358620595,0.2191372010822055,low,0.4032622008446653,0.3600490204435448,moderate,0.308348184492052,0.343675094142443,moderate,0.8453432278527965,0.1278218707521287,trending,0.6735997458351092,0.3847050247091403,moderate,0.0,0.0,complete,20,LOW_HIGH_LOW
110081,0.3726737713095847,0.2470165702543118,low,0.6526999581750583,0.2809364890948326,strong,0.3611727126372037,0.2367478297383619,moderate,0.8758989368127246,0.1403848086924947,trending,1.8157077143096416,2.434184154408306,variable,0.0,0.0,complete,20,LOW_HIGH_LOW
5632,0.3724038510412027,0.182792767640428,low,0.5296564925448242,0.2788174639168951,moderate,0.1273334858819386,0.11207798879193,weak,0.5016927783197854,0.0902987589648746,random,0.8986896149798624,0.3352551585523208,moderate,0.0,0.0,complete,20,LOW_HIGH_LOW
109502,0.3722036502130582,0.2216106210381999,low,0.6159452015706328,0.305842199014828,strong,0.3840419999438635,0.278209809748061,moderate,0.8778248101784504,0.1169014748900539,trending,0.7600629858192649,0.3969158896569137,moderate,0.0,0.0,complete,20,LOW_HIGH_LOW
110791,0.3722009557861472,0.3153933958070786,low,0.6328920262645031,0.1900366472649341,strong,0.2951759282011452,0.3528328950723781,weak,0.8862244603825722,0.0354186451853918,trending,0.9616245952051948,0.6200638911986495,moderate,0.0,0.0,complete,20,LOW_HIGH_LOW
106761,0.3717857048953492,0.3146543326595742,low,0.6820442136527577,0.165836976860239,strong,0.3622612550419283,0.3337787962126926,moderate,1.0,0.0,trending,2.003544002422473,2.230600388887224,highly_variable,0.0,0.0,complete,20,LOW_HIGH_LOW
109600,0.3717589169313503,0.2623022391535811,low,0.5757542537991972,0.3856767955427846,moderate,0.299242399065403,0.1737094533784794,weak,0.803146414499986,0.1539009623890449,trending,0.9536026679943482,0.9262573043591203,moderate,0.0,0.0,complete,20,LOW_HIGH_LOW
110785,0.3713658062644137,0.3156624165150369,low,0.6352956804273753,0.1876956575497705,strong,0.3478720146547687,0.3387798914682832,moderate,0.8989221053884244,0.0238116616072298,trending,0.9588353551511466,0.632208759223291,moderate,0.0,0.0,complete,20,LOW_HIGH_LOW
110789,0.3712459210270634,0.3158901362856478,low,0.6288151084411678,0.1922987601464066,strong,0.2985169936618974,0.3511131371098279,weak,0.869353692551139,0.0578561444202465,trending,0.9700635511672576,0.63587502609488,moderate,0.0,0.0,complete,20,LOW_HIGH_LOW
104027,0.3705908893457763,0.1581738583909851,low,0.610101297307358,0.1821464918782516,strong,0.2856623911453023,0.1228164801195592,weak,0.8779950968502961,0.1205718018309448,trending,1.295906749870519,0.2912365098620071,variable,0.0,0.0,complete,20,LOW_HIGH_LOW
103935,0.3705569431515546,0.034173749636554,low,0.5603944085271928,0.0436436787680345,moderate,0.303173283711366,0.0716260830467477,moderate,0.7168440828636042,0.0907246004700128,trending,0.9564138780949488,0.3381408928161103,moderate,0.0,0.0,complete,20,LOW_HIGH_LOW
103939,0.3695708158208969,0.0340567664145542,low,0.5598189617521359,0.0460980216598015,moderate,0.3144370013164436,0.0736211887639468,moderate,0.7035827443040193,0.0948276572074672,trending,0.9303044226238052,0.3098902024158505,moderate,0.0,0.0,complete,20,LOW_HIGH_LOW
103938,0.3689643074683404,0.0335658600387487,low,0.5580298345577628,0.0483588144073741,moderate,0.3102636652460166,0.0869770818195031,moderate,0.7169436718625101,0.1035865123638717,trending,0.9556326422185968,0.3280514681047781,moderate,0.0,0.0,complete,20,LOW_HIGH_LOW
11635,0.3689197751213746,0.3630037104899556,low,0.5706670968124125,0.4533057628376777,moderate,0.3906251861637748,0.426319129911368,moderate,0.6653015034261438,0.1850173810885919,trending,7.775460524195374,15.146302398850812,highly_variable,0.0,0.0,complete,20,LOW_HIGH_LOW
103186,0.3680293175313357,0.3166090602910936,low,0.6612632044647039,0.185028438829807,strong,0.3169819984350194,0.3531636901726787,moderate,0.7852622238287199,0.1296336940492806,trending,1.9444507148603225,1.4833446653574562,variable,0.0,0.0,complete,20,LOW_HIGH_LOW
4044,0.3678102975915036,0.0723034176863356,low,0.4090087489346173,0.1950441427254494,moderate,0.2276576912982534,0.104884282051228,weak,0.6343087917675515,0.0874718897750353,trending,0.6331213373040979,0.3501051806006178,moderate,0.0,0.0,complete,20,LOW_HIGH_LOW
101389,0.3675239806574993,0.1515555523891456,low,0.7453299271196163,0.2334676259622363,strong,0.3343812282505817,0.2630609793610148,moderate,0.8060612892483643,0.202721365582882,trending,1.3666829505407545,0.8195300192208093,variable,0.0,0.0,complete,20,LOW_HIGH_LOW
111080,0.3670097860821438,0.2605650539816869,low,0.5259745450181642,0.3935069232603302,moderate,0.361314660268336,0.2836879931395107,moderate,0.8487235035166094,0.109240472631084,trending,1.199100159816556,0.88443909637895,variable,0.0,0.0,complete,20,LOW_HIGH_LOW
12313,0.3667266481889886,0.2045104895390093,low,0.7166169934553286,0.2416191751009868,strong,0.2473312901717986,0.2300858182204586,weak,0.8574422782006532,0.1559754054366984,trending,0.8668691231755501,0.6502333386379979,moderate,0.0,0.0,complete,20,LOW_HIGH_LOW
10921,0.3665829120074938,0.0813638875106192,low,0.7432102748730708,0.163654999405374,strong,0.2704098040697574,0.3775836169125915,weak,0.7774715393168312,0.1787946435202866,trending,1.2913576135281448,0.8280702254295214,variable,0.0,0.0,complete,20,LOW_HIGH_LOW
109558,0.365990309151188,0.2204863348605548,low,0.5948187015839237,0.3217010409316436,moderate,0.3720883011703029,0.2679096171178086,moderate,0.8631821073253774,0.1117059223886747,trending,0.7959389220882664,0.4200389342401615,moderate,0.0,0.0,complete,20,LOW_HIGH_LOW
104026,0.3650533813183323,0.1445510240266707,low,0.5387770649074817,0.0959479962252097,moderate,0.3890981749037934,0.1593611225222916,moderate,0.8847036004532927,0.1245187566171811,trending,1.1211724596736583,0.4726404855366787,variable,0.0,0.0,complete,20,LOW_HIGH_LOW
13669,0.3647017918554994,0.210322687064323,low,0.640422077813182,0.3401981339876123,strong,0.3848135740491442,0.35430917169167,moderate,0.5284905753810529,0.14702182275815,random,1.06771788622816,1.135548345740197,variable,0.0,0.0,complete,20,LOW_HIGH_LOW
103937,0.3645140228328801,0.0419742572248243,low,0.5531610739973722,0.0471318698766304,moderate,0.3164903109816691,0.0720475923402102,moderate,0.7283114701807201,0.101981567991323,trending,0.9519537139357176,0.3316868793400378,moderate,0.0,0.0,complete,20,LOW_HIGH_LOW
106272,0.3641284197845278,0.0421630297705332,low,0.7214664411959303,0.0340218617512623,strong,0.3717171313779125,0.1508621127658658,moderate,0.9804739665143216,0.0308170122576449,trending,1.130246118854349,0.5025500612578124,variable,0.0,0.0,complete,20,LOW_HIGH_LOW
3998,0.3640743592125907,0.3339435828673868,low,0.4423107194521568,0.3206964555571058,moderate,0.3253070283841717,0.3562910659495645,moderate,0.515191818266386,0.0427703600910749,random,6.57667469195909,12.284154689419006,highly_variable,0.0,0.0,complete,20,LOW_HIGH_LOW
8327,0.363419622267672,0.1137403286884859,low,0.4868202130817452,0.2098469437762459,moderate,0.2444867691918451,0.2129400327102917,weak,0.8166423275655633,0.0983459869443267,trending,0.6551213053568057,0.4230028614919362,moderate,0.0,0.0,complete,20,LOW_HIGH_LOW
106979,0.3633217444170036,0.3361412734100237,low,0.4911800063475097,0.320728810061414,moderate,0.3945880854903456,0.3135502147173633,moderate,0.972206243938084,0.0341499067123462,trending,1.0425487766691828,0.6587564814708529,variable,0.0,0.0,complete,20,LOW_HIGH_LOW
6899,0.3627695987903247,0.3139902531862439,low,0.4203321645873291,0.4231469791001209,moderate,0.3937031170594255,0.1907635660474603,moderate,0.8006623678567157,0.1862637276112845,trending,0.7873230855186784,0.625698198824123,moderate,0.0,0.0,complete,20,LOW_HIGH_LOW
713,0.3625511172288345,0.3825386944195041,low,0.4606932539339008,0.3917223478913973,moderate,0.2077300905298948,0.1919977869112545,weak,0.6699717513486736,0.188448663933661,trending,5.821543639789932,8.314993853098624,highly_variable,0.0,0.0,complete,20,LOW_HIGH_LOW
103731,0.3625510697562679,0.0410183870603553,low,0.5495137139241629,0.0344286496298644,moderate,0.2737742674568598,0.1999370840209884,weak,0.79067863260236,0.1226153411034249,trending,1.3839791024526202,0.5653446467021193,variable,0.0,0.0,complete,20,LOW_HIGH_LOW
110184,0.3624693530240225,0.2394096592385469,low,0.5604908934759527,0.2976729959392234,moderate,0.3560792777762935,0.365190016423385,moderate,0.8402931430198848,0.0843956838605485,trending,0.827139898356363,0.3778927127734796,moderate,0.0,0.0,complete,20,LOW_HIGH_LOW
109967,0.3623047750964174,0.107157316012929,low,0.6200664821821651,0.1772704334785572,strong,0.3303221605936696,0.1654297160566038,moderate,0.9318016167046108,0.0551121028820038,trending,0.7033650199649994,0.2673321629716501,moderate,0.0,0.0,complete,20,LOW_HIGH_LOW
104526,0.36048980837529,0.3259302733168577,low,0.626067402825646,0.2506203782175353,strong,0.3464498378527333,0.334599870132411,moderate,0.9455413373533236,0.0594129643725406,trending,0.9389544550988912,0.6641413291614279,moderate,0.0,0.0,complete,20,LOW_HIGH_LOW
111517,0.3595329269800739,0.154026103302619,low,0.6240984302720409,0.2309652451820952,strong,0.3834417466566159,0.3343796734299163,moderate,0.9545701133680362,0.0778916677389892,trending,0.6368589450188777,0.1713917274548148,moderate,0.0,0.0,complete,20,LOW_HIGH_LOW
103187,0.3584394065100645,0.3214028260375776,low,0.6276133703604792,0.1901014182837607,strong,0.315345350310283,0.3567576982413167,moderate,0.7919010917734152,0.1268501394956671,trending,1.7871215337042454,1.336239180845026,variable,0.0,0.0,complete,20,LOW_HIGH_LOW
110792,0.358346177667112,0.3271635290630963,low,0.6172715383931227,0.2352135751839711,strong,0.3285846553633762,0.3363167689975899,moderate,0.8507656239214361,0.0738199888675204,trending,0.8672833942514823,0.5046390726440287,moderate,0.0,0.0,complete,20,LOW_HIGH_LOW
109965,0.3564120479939259,0.0724018372179912,low,0.7043291625313378,0.1010559150990078,strong,0.3604014315873559,0.2045076640287092,moderate,0.941607106402949,0.0492485887328477,trending,0.6411100416304307,0.2388948465044191,moderate,0.0,0.0,complete,20,LOW_HIGH_LOW
112397,0.3561954343012726,0.2642891666920303,low,0.5704663473249069,0.3665175260623228,moderate,0.3799211782430615,0.2496888388743986,moderate,0.9128014447561816,0.1111610109648385,trending,0.6676586273660134,0.1669209136865476,moderate,0.0,0.0,complete,20,LOW_HIGH_LOW
18241,0.3550990114941105,0.264556925639671,low,0.5161157531352363,0.1998801983235867,moderate,0.109752542284018,0.0712582661963552,weak,0.84640694849952,0.0988921771418371,trending,1.3823152459685055,1.86238978115167,variable,0.0,0.0,complete,20,LOW_HIGH_LOW
10750,0.3550740180459604,0.1868282079024207,low,0.4173703629069575,0.3689021924879572,moderate,0.2717560973162588,0.329632349814247,weak,0.9484459255389128,0.0433973967342228,trending,0.5490542792300553,0.2290834132648629,moderate,0.0,0.0,complete,20,LOW_HIGH_LOW
8699,0.3546498399536027,0.2707093716251056,low,0.511990938549318,0.3893468988145845,moderate,0.3924489611453648,0.4154037523188149,moderate,0.7273293954030869,0.1325587636221151,trending,2.959890688612527,1.9879179279477992,highly_variable,0.0,0.0,complete,20,LOW_HIGH_LOW
11316,0.3541430100486502,0.2290890222716656,low,0.5761297480314449,0.2462295924716972,moderate,0.1691804309076088,0.1195738959160721,weak,0.7860136051951929,0.1914838607091346,trending,2.0441227827074107,1.4445879455730364,highly_variable,0.0,0.0,complete,20,LOW_HIGH_LOW
102560,0.3535003523858333,0.2017949126513673,low,0.6357946328467289,0.223391706392157,strong,0.3895356156296943,0.1206394831624573,moderate,0.9512140399197476,0.080267836585167,trending,0.5469803991857345,0.1368983366382144,moderate,0.0,0.0,complete,20,LOW_HIGH_LOW
106271,0.353437774204887,0.0362143085280088,low,0.714106192834702,0.0608888797434626,strong,0.3499943496648881,0.1513870800121527,moderate,0.9624617384876328,0.0451747313388695,trending,1.105775394501779,0.5553875765800262,variable,0.0,0.0,complete,20,LOW_HIGH_LOW
11165,0.3530023851916435,0.2863562616816655,low,0.5023669429909183,0.3957011010275098,moderate,0.2463472157523472,0.3625918103824074,weak,0.7149661375177899,0.2298125830936848,trending,0.914354802754243,0.4140244886422137,moderate,0.0,0.0,complete,20,LOW_HIGH_LOW
9670,0.3521799008357985,0.3526667968798044,low,0.4067150133107702,0.4134848098391962,moderate,0.2250927186669437,0.3883835928409722,weak,0.6328999037860049,0.2245915833979814,trending,0.4460856764704471,0.5279291444011099,stable,0.0,0.0,complete,20,LOW_HIGH_LOW
105593,0.3513637846973351,0.3387933070797665,low,0.4980003029658975,0.2783679787187028,moderate,0.3149396708087953,0.3470610586744372,moderate,0.782307250167078,0.1458543158377543,trending,1.9118360389722135,2.162459864661715,variable,0.0,0.0,complete,20,LOW_HIGH_LOW
13939,0.3512056195136656,0.2746829509510525,low,0.4242110625178452,0.4393926605787573,moderate,0.2900385015920063,0.1176108969120372,weak,0.6111808032631986,0.2003912430149068,trending,0.9316749249049672,0.5718021562440478,moderate,0.0,0.0,complete,20,LOW_HIGH_LOW
101208,0.3511103745216767,0.3439987288750564,low,0.4561651566364345,0.3134792907895453,moderate,0.3955426330042321,0.3121098549447598,moderate,0.8585471766925629,0.1271970843072618,trending,0.9938544426310078,0.6810876390151407,moderate,0.0,0.0,complete,20,LOW_HIGH_LOW
106305,0.3510349354578749,0.2134174980216376,low,0.6771648606000517,0.2890587675628043,strong,0.3094307320790987,0.2111374799762719,moderate,0.932250217192892,0.084403418829755,trending,0.9715839672865793,0.483964762988003,moderate,0.0,0.0,complete,20,LOW_HIGH_LOW
108891,0.3506999502931887,0.0290699129061941,low,0.5369700748905506,0.0676975860262748,moderate,0.2025665972789583,0.1019433635442968,weak,0.7509485415633704,0.0926419631816812,trending,1.2781865129590255,0.3474462265465931,variable,0.0,0.0,complete,20,LOW_HIGH_LOW
112287,0.3503262257490994,0.1574099587414811,low,0.5555872021443768,0.3125792352556085,moderate,0.3272766864609828,0.1827190104584262,moderate,0.8598220849573179,0.0674595369246811,trending,1.186915021936689,1.133529046078266,variable,0.0,0.0,complete,20,LOW_HIGH_LOW
105810,0.3502960467911485,0.0380080447560536,low,0.5990409101798776,0.03150933341533,moderate,0.3544840227403074,0.0810079982802307,moderate,0.7831218616851182,0.1230410226619491,trending,0.8723010377305671,0.3219698176185827,moderate,0.0,0.0,complete,20,LOW_HIGH_LOW
100339,0.35017768216837,0.3361445430903201,low,0.472113173586667,0.3843701565995205,moderate,0.3293287433920614,0.3491050499459657,moderate,0.7310927727749468,0.1511800715944348,trending,1.4216510951467332,0.836459319875708,variable,0.0,0.0,complete,20,LOW_HIGH_LOW
102472,0.3500013083286704,0.2351386862827962,low,0.6321424396894288,0.2660271036524559,strong,0.3739422638170737,0.1939064730568924,moderate,0.9015776522286238,0.1470641465241572,trending,1.7854624665094685,2.425386157496549,variable,0.0,0.0,complete,20,LOW_HIGH_LOW
111460,0.3496085549611387,0.0832559163342878,low,0.8077871862700284,0.0996669210373958,strong,0.355202159344388,0.133793139495537,moderate,0.8045020836207961,0.1591619810039074,trending,0.8650722104352283,0.3951906109273294,moderate,0.0,0.0,complete,20,LOW_HIGH_LOW
105817,0.3491504451398006,0.0413293753728902,low,0.5964728159476599,0.051671327771189,moderate,0.3822054851948293,0.1077143024423786,moderate,0.7507866692512282,0.0980022582579481,trending,0.8653045903672044,0.3119593697176751,moderate,0.0,0.0,complete,20,LOW_HIGH_LOW
104528,0.3489115962086282,0.3333151065888633,low,0.6014646790389594,0.270002149668154,strong,0.3488148933497224,0.3340117353151973,moderate,0.945586100299957,0.0567881257851857,trending,0.9374875390609938,0.6631825397795225,moderate,0.0,0.0,complete,20,LOW_HIGH_LOW
105604,0.3485394357222285,0.3406716901527977,low,0.4983705976640554,0.2765734856952034,moderate,0.3033715942038199,0.3557371035533662,moderate,0.7904496205576492,0.1401294051605296,trending,2.1488354319905745,2.609515922895003,highly_variable,0.0,0.0,complete,20,LOW_HIGH_LOW
3441,0.3479373100004742,0.1984085872774771,low,0.4540243368598848,0.3605549720970156,moderate,0.1370428929514374,0.1616483916308159,weak,0.525316706398276,0.1098380000200962,random,1.0124611236031469,0.7917083880817508,variable,0.0,0.0,complete,20,LOW_HIGH_LOW
110388,0.3475393910042927,0.0325432539108265,low,0.5480286878960499,0.0412844259886266,moderate,0.0940436498792814,0.0205953250274708,weak,0.6934245315130367,0.0653267996486281,trending,1.8392650146266512,0.7450434000439863,variable,0.0,0.0,complete,20,LOW_HIGH_LOW
103672,0.3470843987155046,0.3297177138514977,low,0.4856767611647205,0.2703046419795167,moderate,0.3481634318873883,0.3296897627624377,moderate,0.7863723948917481,0.0505264519561127,trending,0.8017353483736466,0.4565040046004054,moderate,0.0,0.0,complete,20,LOW_HIGH_LOW
105595,0.3470745195433307,0.3408204678447012,low,0.4882540723662594,0.2892398399412993,moderate,0.3255398112876515,0.3390356175031143,moderate,0.7903277907924687,0.1061618729985165,trending,2.1041985094397626,2.5273859165394126,highly_variable,0.0,0.0,complete,20,LOW_HIGH_LOW
112284,0.3469852414652398,0.140504935082338,low,0.5652707816164899,0.2624353176860698,moderate,0.3900232695322789,0.163983430421235,moderate,0.8739568672515707,0.053174467849794,trending,1.2906595492878687,1.312119509017788,variable,0.0,0.0,complete,20,LOW_HIGH_LOW
103574,0.3467008927313112,0.1636965330094856,low,0.4864214232513966,0.2411539501509913,moderate,0.2802831252742511,0.1888476321573193,weak,0.8232558029712802,0.1191558289081961,trending,0.8189832178766997,0.41575287808863,moderate,0.0,0.0,complete,20,LOW_HIGH_LOW
111025,0.3464637487975713,0.0288228338805785,low,0.5601703934550556,0.0281310561802171,moderate,0.1699945393213821,0.038203552479143,weak,0.6330485909256653,0.1458732287834433,trending,1.1165162599838891,0.4079095732746672,variable,0.0,0.0,complete,20,LOW_HIGH_LOW
111497,0.3462681229214497,0.1504570997659663,low,0.6083750995364137,0.2275497371367081,strong,0.3874730706096375,0.3321058071856833,moderate,0.9588204924513122,0.0810925425048063,trending,0.6393011412761527,0.1708180776618785,moderate,0.0,0.0,complete,20,LOW_HIGH_LOW
111518,0.346195392907251,0.1607735476977889,low,0.5995404533373886,0.2381145457907476,moderate,0.3870772139601325,0.3240024591705848,moderate,0.9563181385780388,0.0805781170691535,trending,0.6382616679632546,0.1797104033083208,moderate,0.0,0.0,complete,20,LOW_HIGH_LOW
110084,0.3460736801412958,0.2382507263061791,low,0.6219764145676633,0.2777144366021807,strong,0.3259729209221111,0.215365865565545,moderate,0.8663185500548423,0.1402219225048533,trending,1.810274869003449,2.4121730545575857,variable,0.0,0.0,complete,20,LOW_HIGH_LOW
106299,0.3460002983723121,0.2055365243051294,low,0.6693667306009978,0.2940820964510507,strong,0.3714125876633743,0.2800184764194234,moderate,0.961526905785788,0.0628027192468281,trending,1.0362030504447752,0.5012025956313789,variable,0.0,0.0,complete,20,LOW_HIGH_LOW
111445,0.3456254342677361,0.0863125125234944,low,0.8004633309094075,0.1041197213579675,strong,0.3002339240129883,0.1391165663748723,moderate,0.7577303583628605,0.1501618839644794,trending,0.8611224982342396,0.3924324336037135,moderate,0.0,0.0,complete,20,LOW_HIGH_LOW
11044,0.3454940071238087,0.2725346397052505,low,0.4979219594657239,0.3964682589578936,moderate,0.1870993282612234,0.325069004672373,weak,0.6411258889409871,0.2081624577203305,trending,2.104292719326914,1.8015386978163928,highly_variable,0.0,0.0,complete,20,LOW_HIGH_LOW
111495,0.3451173986627234,0.1563399790291344,low,0.6066026304514555,0.2242059502772354,strong,0.3950795906705556,0.3257159786829948,moderate,0.9600773891125908,0.0798452217748182,trending,0.6572006916307435,0.1702749900212856,moderate,0.0,0.0,complete,20,LOW_HIGH_LOW
105812,0.3445212528291402,0.0436395294322445,low,0.5911022892676534,0.0429087492914424,moderate,0.3683549819560139,0.0911514639298856,moderate,0.7969909811979587,0.1278418331353131,trending,0.8567138504370779,0.3135726887504716,moderate,0.0,0.0,complete,20,LOW_HIGH_LOW
101031,0.3444568255608928,0.1778678315116443,low,0.5769777768177013,0.2738907363561113,moderate,0.3745397597557093,0.207764415281038,moderate,0.8918715224562741,0.0742853538394604,trending,1.1278165765279684,0.2432137815494558,variable,0.0,0.0,complete,20,LOW_HIGH_LOW
111461,0.3444348157158742,0.0830050333581392,low,0.7965866194627729,0.0966626204661697,strong,0.3119632400285028,0.128781149980464,moderate,0.757274500514546,0.1416783102260627,trending,0.864578408893159,0.3807140401809272,moderate,0.0,0.0,complete,20,LOW_HIGH_LOW
103003,0.3443644950460369,0.3447514559491655,low,0.600459681745378,0.2967340668914213,strong,0.3597157472615125,0.3424599820750853,moderate,0.9358605897854804,0.0651507678877229,trending,1.470680643016212,1.9998456075108733,variable,0.0,0.0,complete,20,LOW_HIGH_LOW
103562,0.3443528300171158,0.1606932679725592,low,0.49986132482392,0.2331014231138088,moderate,0.3086722293978982,0.1832127250484725,moderate,0.9284685428061934,0.0619362351820502,trending,0.83137537893563,0.4301686102259857,moderate,0.0,0.0,complete,20,LOW_HIGH_LOW
103573,0.3442824333296576,0.1657468867280815,low,0.4945395999642628,0.236137460272402,moderate,0.2911564469711182,0.1933070022110031,weak,0.8628281399582596,0.0819969375063733,trending,0.753879979394444,0.3727160463768096,moderate,0.0,0.0,complete,20,LOW_HIGH_LOW
111444,0.3442554352206411,0.0859110277929332,low,0.8023930434121148,0.1054026413810551,strong,0.3466872385250963,0.1314457306733212,moderate,0.8006498781384375,0.1541649070315344,trending,0.8675191018045517,0.3948405784087218,moderate,0.0,0.0,complete,20,LOW_HIGH_LOW
110386,0.3442246623660711,0.0348762994899413,low,0.5156478220213507,0.064169704177818,moderate,0.0727889992149739,0.0338188451229523,weak,0.6649389448374551,0.1034024542247417,trending,1.766274458296665,0.6789117030212676,variable,0.0,0.0,complete,20,LOW_HIGH_LOW
106304,0.3438773212560113,0.2083386324954086,low,0.6892187540606252,0.2727670824134507,strong,0.3300567407242788,0.2318446715045024,moderate,0.9484158319513136,0.0649510894906618,trending,0.9690765653477096,0.4738979317369072,moderate,0.0,0.0,complete,20,LOW_HIGH_LOW
112285,0.3438120747804418,0.1359339513365679,low,0.5439854434309648,0.2822538080142193,moderate,0.3537513432561061,0.1418140630981467,moderate,0.8566009205097089,0.0752623487013883,trending,1.30549426017258,1.327499390788974,variable,0.0,0.0,complete,20,LOW_HIGH_LOW
105814,0.3436839472586364,0.0404854646141251,low,0.5981883450915554,0.0345578827578222,moderate,0.3634138404938632,0.087265337267703,moderate,0.7851060650015242,0.1297642477096976,trending,0.8560219456609894,0.3033611148406869,moderate,0.0,0.0,complete,20,LOW_HIGH_LOW
105811,0.3435508086429984,0.0435574253541143,low,0.5840900642446201,0.0391978014792194,moderate,0.3464706898882746,0.0826211903575096,moderate,0.7882028941440082,0.1334554402753413,trending,0.8767154275696418,0.327874513558939,moderate,0.0,0.0,complete,20,LOW_HIGH_LOW
111446,0.3431253962073116,0.0861911080060841,low,0.7974226385038012,0.1055093023299824,strong,0.2961280264596173,0.1375196523144865,weak,0.7523910519156297,0.1457728362419339,trending,0.8680432161925811,0.3997201006052917,moderate,0.0,0.0,complete,20,LOW_HIGH_LOW
4013,0.3426234230251518,0.1035286109042096,low,0.4007416235429445,0.1888758452421752,moderate,0.2632600479983821,0.1532989774529821,weak,0.7309970824369169,0.1250587730173915,trending,0.5417995324353522,0.3542454441782959,moderate,0.0,0.0,complete,20,LOW_HIGH_LOW
105591,0.3423909302679817,0.3433557968183633,low,0.4933572238959895,0.2740904743923963,moderate,0.3213444371436786,0.3509666189746683,moderate,0.7881884671103999,0.1725795438914438,trending,1.9627035483428723,2.28419187131785,variable,0.0,0.0,complete,20,LOW_HIGH_LOW
111463,0.3417015622528904,0.0845239281486446,low,0.7934512334981199,0.1047050657031987,strong,0.3101953122181214,0.1286053908935376,moderate,0.7693723069742567,0.1541303381625856,trending,0.8716187296404042,0.3848291307857259,moderate,0.0,0.0,complete,20,LOW_HIGH_LOW
20181,0.3413584590630235,0.343017622871104,low,0.4205347307892709,0.3025375134467966,moderate,0.3095925477507018,0.2225581694942228,moderate,0.6406886791098401,0.1579035516838285,trending,1.10975396052041,1.5024795831007391,variable,0.0,0.0,complete,20,LOW_HIGH_LOW
103569,0.3413428780386677,0.1654492893413948,low,0.5064184553700659,0.2253716323143236,moderate,0.3947559514552579,0.2279244877847801,moderate,0.8542928730165297,0.0772540530719738,trending,0.7654662327458881,0.3594624948565378,moderate,0.0,0.0,complete,20,LOW_HIGH_LOW
112402,0.3405775691560436,0.3474222087194868,low,0.5474309561407056,0.394287910214977,moderate,0.373269371581529,0.3177998685815303,moderate,0.9856158822828462,0.0249140227081619,trending,1.2274265554480095,1.0294267446889982,variable,0.0,0.0,complete,20,LOW_HIGH_LOW
108918,0.3402664152881325,0.0591333878155002,low,0.5178346217513642,0.0872985170061024,moderate,0.3311822184836546,0.1370464105349827,moderate,0.7210051450453927,0.097676431047069,trending,0.6790874223663566,0.30663134289618,moderate,0.0,0.0,complete,20,LOW_HIGH_LOW
109280,0.3401821762278475,0.1410593793111575,low,0.4911060781023626,0.2878339635389973,moderate,0.3991215810692242,0.2894203388296963,moderate,0.8021866103134379,0.1487501700249617,trending,1.2967032407891677,0.5434932921682202,variable,0.0,0.0,complete,20,LOW_HIGH_LOW
111477,0.3398795100354525,0.0795993416471285,low,0.7929531153770941,0.0988734342521381,strong,0.3484771249875669,0.1163163345231071,moderate,0.7408097285953126,0.145955468782976,trending,0.8448284322335484,0.3709365281741008,moderate,0.0,0.0,complete,20,LOW_HIGH_LOW
100321,0.3398081217145015,0.1245166122171634,low,0.6168204827098861,0.2684676879781256,strong,0.343610119057064,0.1829441979536908,moderate,0.9017300520729592,0.099148846422519,trending,0.6518539327501454,0.1933651560066814,moderate,0.0,0.0,complete,20,LOW_HIGH_LOW
103568,0.3395029217550354,0.16512634896046,low,0.495474587597985,0.2285265291147324,moderate,0.3805814336190672,0.2276873688299312,moderate,0.8823857148789103,0.0988717382480016,trending,0.7607996531285142,0.3649564027566604,moderate,0.0,0.0,complete,20,LOW_HIGH_LOW
108121,0.3390282703583642,0.0221886780158887,low,0.6215809217627711,0.111989357885555,strong,0.3048661447561088,0.239832065793885,moderate,0.8873701508016655,0.0859810644146288,trending,1.9469891999365785,1.0603198579155158,variable,0.0,0.0,complete,20,LOW_HIGH_LOW
709,0.3387513927631869,0.3827436690250874,low,0.5135101411808989,0.4276526193202637,moderate,0.2753042752430581,0.3841167603764372,weak,0.5892411840133921,0.0854802576490014,random,11.8187858765275,16.44438925483591,highly_variable,0.0,0.0,complete,20,LOW_HIGH_LOW
105815,0.3385625471802067,0.0436446209149887,low,0.589721974807196,0.0365431292498838,moderate,0.3538055586899563,0.0899910506247527,moderate,0.7879258285562244,0.1201198499802118,trending,0.8628530076793932,0.3112374797291743,moderate,0.0,0.0,complete,20,LOW_HIGH_LOW
105741,0.3384586233214639,0.0195026781307753,low,0.5594911019785066,0.0311287528143164,moderate,0.1910919348714871,0.0797118109186766,weak,0.7659824355064906,0.1355407220146483,trending,1.467048956202888,0.5916532744823398,variable,0.0,0.0,complete,20,LOW_HIGH_LOW
108118,0.3381782403567462,0.0215995973342441,low,0.613367100086356,0.092695734409036,strong,0.2969997982706869,0.218645700994222,weak,0.884664573372364,0.0861914458756043,trending,1.9482245328690115,1.0359521957296256,variable,0.0,0.0,complete,20,LOW_HIGH_LOW
701,0.3381378297839831,0.3851065334467006,low,0.5015868612488156,0.3758557875568032,moderate,0.2664668761467464,0.3699762897669331,weak,0.6216066967613817,0.1615959220213231,trending,8.866727401697217,14.375809575001773,highly_variable,0.0,0.0,complete,20,LOW_HIGH_LOW
105734,0.3379188120624284,0.0225465571488287,low,0.5653072169125671,0.0274501096311375,moderate,0.1860059097274653,0.0818465095575401,weak,0.7886738749719959,0.1521561264099097,trending,1.4650148839616648,0.5981493133896831,variable,0.0,0.0,complete,20,LOW_HIGH_LOW
108117,0.3372589143956254,0.0215410777045111,low,0.6149447779111176,0.1033922515303677,strong,0.3009733473713444,0.2339051621382238,moderate,0.8829202580181154,0.0869258019774146,trending,1.9539742538229248,1.0470093295419982,variable,0.0,0.0,complete,20,LOW_HIGH_LOW
6601,0.39998097414783,0.1571270557643276,low,0.0236125417304896,0.0245919410981992,weak,0.5910397322260941,0.1877977366202208,moderate,0.6382336046197359,0.0338601445818886,trending,1.0391224508843753,0.2328247889776933,variable,0.0,0.0,complete,8,HIGH_LOW_LOW
10373,0.3999663512291648,0.1334426458849269,low,0.3519189349979487,0.3494058756858461,moderate,0.6663065347743362,0.0846963037849477,strong,0.4285931819687256,0.1327177081742347,random,0.6585492825949096,0.2334520305389627,moderate,0.0,0.0,complete,8,HIGH_LOW_LOW
4902,0.3998508488502338,0.1439669821745083,low,0.2257019908422152,0.350001851229944,weak,0.5893621392222501,0.1497298810528733,moderate,0.924769022226837,0.0461788441733865,trending,1.10566040930015,0.7082213580333641,variable,0.0,0.0,complete,8,HIGH_LOW_LOW
1672,0.3997872942596823,0.1861289845053382,low,0.0227433832134826,0.0454867664269653,weak,0.6446659163937813,0.230243260520935,strong,0.8148736755096193,0.1236679144924214,trending,0.4845532220766831,0.2281288869165397,stable,0.0,0.0,complete,8,HIGH_LOW_LOW
7890,0.3997770860699078,0.0583189022725365,low,0.003204190862455,0.0064083817249101,weak,0.4311421179356723,0.211264201203724,moderate,0.5969604207769984,0.1025984133441948,random,0.9197619380800464,0.5543018770898562,moderate,0.0,0.0,complete,8,HIGH_LOW_LOW
18696,0.3997175862852463,0.2363654029439447,low,0.0049583468684719,0.0073078144207026,weak,0.489572939485015,0.2774681379633893,moderate,0.6696494021728756,0.080588693795962,trending,1.1028963379486911,0.6250690947932525,variable,0.0,0.0,complete,8,HIGH_LOW_LOW
5914,0.3997073502250952,0.2179086869238517,low,0.0427929803714844,0.0419762651317952,weak,0.6210621918773142,0.2204270000273281,strong,0.604069722768191,0.13363576410451,trending,0.2731733520282694,0.1614123519672806,stable,0.0,0.0,complete,8,HIGH_LOW_LOW
2232,0.3996947518391048,0.1683717340604771,low,0.0336603869594976,0.0298280785309672,weak,0.6400841620854111,0.2489867171443102,strong,0.7554302284294228,0.0604756931899996,trending,0.6229660748155414,0.3185042754898903,moderate,0.0,0.0,complete,8,HIGH_LOW_LOW
4517,0.3996460234188935,0.3430781089810411,low,0.290598846777673,0.3484425685168653,weak,0.4543875886688879,0.3372725450799656,moderate,0.8635561214519516,0.1866312256540023,trending,0.2871536723864958,0.228899912705477,stable,0.0,0.0,complete,8,HIGH_LOW_LOW
153,0.3995696446751496,0.2133655398790956,low,0.3551941322422098,0.3460692910271536,moderate,0.9311513203768044,0.038827135618324,strong,0.935841764953971,0.069905789325004,trending,1.2925067963661918,0.7267199316223916,variable,0.0,0.0,complete,8,HIGH_LOW_LOW
11966,0.3995575996082224,0.1304828873141515,low,0.0757132597170238,0.1235903522906305,weak,0.6220515346749916,0.2082054307740229,strong,0.6659569291625597,0.0143998157591892,trending,0.4520657291149907,0.0161784379482231,stable,0.0,0.0,complete,8,HIGH_LOW_LOW
21268,0.3995219412214356,0.2720956971454132,low,0.2837510766409666,0.3685041121751877,weak,0.7692075802548732,0.2835965439462738,strong,0.6982749293733719,0.2894934134708173,trending,1.0214933549818783,0.8393044140184965,variable,0.0,0.0,complete,8,HIGH_LOW_LOW
8050,0.3994729111519497,0.1585954212286855,low,0.0605639266595322,0.0622488788183321,weak,0.6509291944964462,0.0477972105379896,strong,0.7622364583987516,0.1327372360132198,trending,0.4314590643857117,0.1928499730958486,stable,0.0,0.0,complete,8,HIGH_LOW_LOW
16626,0.3993562467595466,0.1713311833649482,low,0.363662876422728,0.3466074073698704,moderate,0.5293662068864792,0.2428165990023828,moderate,0.6579308735666048,0.1830285996967698,trending,1.0865492246018398,1.486215110352028,variable,0.0,0.0,complete,8,HIGH_LOW_LOW
11588,0.3993408520499907,0.2641437571990741,low,0.0229404960906517,0.0458809921813035,weak,0.5644873566360076,0.3608042513754747,moderate,0.5635290418690062,0.0709454893147417,random,1.5659408491074962,2.1480008595838047,variable,0.0,0.0,complete,8,HIGH_LOW_LOW
3002,0.3993400588346845,0.159272557303547,low,0.0768507277606066,0.1459932811629204,weak,0.6819322314697196,0.2594842834797021,strong,0.982153442031026,0.0356931159379478,trending,1.4046934851181463,0.606045692094876,variable,0.0,0.0,complete,8,HIGH_LOW_LOW
11411,0.3991749802342502,0.0820492827590979,low,0.1680685709189555,0.1721915238270213,weak,0.8208614760950775,0.0973370932777437,strong,0.947381376288663,0.0731858859647761,trending,0.2381762453431358,0.1423578694241868,stable,0.0,0.0,complete,8,HIGH_LOW_LOW
6550,0.3991601689178163,0.1737476029056487,low,0.009899808297192,0.019799616594384,weak,0.5668162869563462,0.2506290958376123,moderate,0.5683677019122866,0.0615734446593786,random,0.7766831103176555,0.2328950377626848,moderate,0.0,0.0,complete,8,HIGH_LOW_LOW
17654,0.399099346845709,0.0536498945028147,low,0.2481804591979168,0.1563475512401095,weak,0.4427594024495888,0.2032539187880999,moderate,0.3764775077248469,0.0552580883810527,mean_reverting,0.7761520209742055,0.2445939943494664,moderate,0.0,0.0,complete,8,HIGH_LOW_LOW
16069,0.3990977319528573,0.1861030378173534,low,0.0776709243675652,0.0496670308263457,weak,0.6623892310897765,0.1887696835208397,strong,0.6696744768342264,0.0297319886627351,trending,0.286233637877297,0.1159314862205072,stable,0.0,0.0,complete,8,HIGH_LOW_LOW
10407,0.3990441783043729,0.2174617844851883,low,0.1181331764501546,0.1401889749052464,weak,0.5847025850434331,0.2725680875949831,moderate,0.5128886239657577,0.1036115313852215,random,0.4955468051410568,0.1718597668405009,stable,0.0,0.0,complete,8,HIGH_LOW_LOW
13796,0.3990356045751528,0.2787926461052537,low,0.2660979958994767,0.3696276206906267,weak,0.5887063196840098,0.3594954828756861,moderate,0.7718866379582059,0.192672297961919,trending,1.6429348133151795,1.6032022009511195,variable,0.0,0.0,complete,8,HIGH_LOW_LOW
19482,0.3990177872057828,0.1438634564394462,low,0.0547653151447147,0.0487324100360195,weak,0.553536939180909,0.1760843359598665,moderate,0.520116260943572,0.2069479577978133,random,0.3855920008927492,0.2709584421761704,stable,0.0,0.0,complete,8,HIGH_LOW_LOW
20705,0.399004554911108,0.1848383790539849,low,0.1900149689533097,0.0783477898209964,weak,0.6613415327063782,0.3284830509234028,strong,0.7234640558431027,0.1331284445088396,trending,0.6314188814473077,0.6052025809744171,moderate,0.0,0.0,complete,8,HIGH_LOW_LOW
3741,0.3989495868245329,0.039451221259675,low,0.0583486155387824,0.0533682325808529,weak,0.7287640329527951,0.0187028483572103,strong,0.8848892149794295,0.051279546874754,trending,0.4181025202020015,0.2050650847237494,stable,0.0,0.0,complete,8,HIGH_LOW_LOW
16195,0.3989378455586058,0.2784233506421977,low,0.1553936981182079,0.242895978579018,weak,0.6590766840912872,0.2692984037791275,strong,0.512431289746787,0.2541845473340134,random,0.2977667455771925,0.1736727970051003,stable,0.0,0.0,complete,8,HIGH_LOW_LOW
6666,0.3989218937579897,0.0853284173549638,low,0.0122669484025933,0.0181294683616243,weak,0.7183933664472436,0.0703267914725735,strong,0.8940513748343875,0.064785012810027,trending,0.374821756914704,0.1900604909514613,stable,0.0,0.0,complete,8,HIGH_LOW_LOW
7884,0.3988461416353573,0.0600943078585563,low,0.0024013494499901,0.0038075991418734,weak,0.4126787303929672,0.2070801328259144,moderate,0.6085561651926856,0.0850670866571694,trending,0.8624726876727996,0.4498282689821315,moderate,0.0,0.0,complete,8,HIGH_LOW_LOW
7492,0.3988425353712879,0.1033622032559618,low,0.0007709973071186,0.0015419946142373,weak,0.5965311792442943,0.0960246854590646,moderate,0.8749067563182218,0.0436967127437563,trending,0.4711015266759515,0.1803891387064048,stable,0.0,0.0,complete,8,HIGH_LOW_LOW
15001,0.3988213157315828,0.1389841030512041,low,0.1199070189892601,0.0768110416074471,weak,0.5843825058868752,0.1396516627472804,moderate,0.4978837820070552,0.0733669247127035,random,0.3281588108273801,0.1621983367188417,stable,0.0,0.0,complete,8,HIGH_LOW_LOW
10227,0.398721222755195,0.2277850171608043,low,0.2490438412188285,0.3178679268196835,weak,0.6709223851842868,0.2905762912055714,strong,0.59692202818441,0.2117425594942266,random,3.5961156932661225,6.043527151815373,highly_variable,0.0,0.0,complete,8,HIGH_LOW_LOW
17872,0.3987108900007948,0.2109835489359074,low,0.1700357487536061,0.2041486809814647,weak,0.7152346362658687,0.1604016347463094,strong,0.8036060686620423,0.1043099516590723,trending,4.100116939684468,7.188739801965045,highly_variable,0.0,0.0,complete,8,HIGH_LOW_LOW
21209,0.3986935291266545,0.3009238717038363,low,0.0445662431872644,0.0449306586299274,weak,0.4179805215360183,0.3642461817879482,moderate,0.7821445917808374,0.1993483446203083,trending,0.3602478282467587,0.4114117485289953,stable,0.0,0.0,complete,8,HIGH_LOW_LOW
6706,0.3986218262572993,0.3160923895141255,low,0.1862054908074227,0.2940444783715392,weak,0.481183288216044,0.3151508329094952,moderate,0.6797669722907534,0.1576901776263687,trending,0.9105623356787308,0.5287391437224227,moderate,0.0,0.0,complete,8,HIGH_LOW_LOW
2653,0.3985917026769637,0.2150704318295404,low,0.168803930769885,0.2624602773843812,weak,0.7659004459065862,0.3124525736767548,strong,0.9719684976732088,0.051929097483993,trending,0.8291363587576459,0.2362973809235063,moderate,0.0,0.0,complete,8,HIGH_LOW_LOW
4118,0.3985587679262096,0.1835292999771138,low,0.2312250534644619,0.3758480231796271,weak,0.638278717901334,0.1940671566032264,strong,0.5913779480072812,0.1380378812787542,random,1.8895790309521785,3.099491985805178,variable,0.0,0.0,complete,8,HIGH_LOW_LOW
1891,0.3985444844279233,0.2204671295075173,low,0.0427112556171648,0.0550036308201066,weak,0.635686715320619,0.2846054032412791,strong,0.6772112768584256,0.0647130895010924,trending,0.4371340429472196,0.300059803426234,stable,0.0,0.0,complete,8,HIGH_LOW_LOW
10281,0.3985089771402303,0.1315986101833061,low,0.0388212224730194,0.0776424449460388,weak,0.6133475302723834,0.2475068756001444,strong,0.7128228963100944,0.0469041971909996,trending,0.4918819493526069,0.0119468054701539,stable,0.0,0.0,complete,8,HIGH_LOW_LOW
5475,0.3984724901178664,0.0721075773483275,low,0.0878961861229162,0.0821228781805293,weak,0.6075493780858977,0.0889762612746731,strong,0.7346722762724075,0.0681472118642648,trending,0.4472820422627001,0.1387865341346756,stable,0.0,0.0,complete,8,HIGH_LOW_LOW
718,0.3984718019223268,0.1116018691907249,low,0.0628443906223756,0.0930049492151005,weak,0.4391096511603442,0.1376956689505274,moderate,0.7192876350547746,0.1012160439193229,trending,0.7878382818599345,0.2188761999261493,moderate,0.0,0.0,complete,8,HIGH_LOW_LOW
6435,0.3984135338916124,0.2219774250362408,low,0.0735993360374915,0.0511472574495491,weak,0.5817388772668911,0.2804304621250935,moderate,0.6522595411434173,0.2497108143202232,trending,0.7709503527801272,0.751204302728487,moderate,0.0,0.0,complete,8,HIGH_LOW_LOW
4297,0.398376719383801,0.1389866757677159,low,0.0876441820562806,0.1072730660909127,weak,0.5640191624146274,0.2886814831806314,moderate,0.6160919986350801,0.0831471706241229,trending,1.4280602835397755,1.874937970856995,variable,0.0,0.0,complete,8,HIGH_LOW_LOW
7883,0.3983601556699356,0.0602582279757678,low,0.0029483518333689,0.0058967036667379,weak,0.4275195242928887,0.2070801282397064,moderate,0.6088980121496876,0.0928026140116849,trending,0.8669416959007894,0.470099507336009,moderate,0.0,0.0,complete,8,HIGH_LOW_LOW
16212,0.3982653686510762,0.2728875838788694,low,0.1021302362789881,0.1152449170785061,weak,0.6167328732050403,0.2886708840640596,strong,0.5100731416914568,0.2526744362784646,random,0.3057502543726598,0.174700735229757,stable,0.0,0.0,complete,8,HIGH_LOW_LOW
11774,0.3982447406010438,0.0937168791548504,low,0.0875089479456488,0.0763018845527763,weak,0.6154825226087492,0.1199046030351111,strong,0.6772481001116991,0.1284464670572896,trending,0.4648453665098263,0.1078501025036315,stable,0.0,0.0,complete,8,HIGH_LOW_LOW
10083,0.3982210978879928,0.223361472670144,low,0.0609296890754837,0.0086048827625044,weak,0.5787776210346082,0.2765911267008993,moderate,0.5805863286209043,0.1343021376862077,random,0.7115459029036055,0.4314814325152727,moderate,0.0,0.0,complete,8,HIGH_LOW_LOW
6219,0.3982054925208843,0.1129550356750073,low,0.0268800359491277,0.0176418100889296,weak,0.5835130256326828,0.1197288183408669,moderate,0.7429236015775372,0.0468361008190732,trending,0.8933040231345858,0.4840142252884285,moderate,0.0,0.0,complete,8,HIGH_LOW_LOW
8312,0.3981799548067222,0.0614658976971938,low,0.3187276232651403,0.3138161664508594,moderate,0.4906558935370688,0.1723580909459486,moderate,0.6882071998643317,0.0645357277145933,trending,0.3357852347447305,0.0786950057394718,stable,0.0,0.0,complete,8,HIGH_LOW_LOW
101795,0.3981255766897474,0.1046458863970492,low,0.1103082457276877,0.126232938904892,weak,0.7064768482884215,0.143990217045917,strong,0.8277984279604584,0.0933780771285408,trending,0.6357225340959287,0.324768082086233,moderate,0.0,0.0,complete,8,HIGH_LOW_LOW
21757,0.3981127531680618,0.22353831664865,low,0.2147441805008993,0.3929832293099625,weak,0.7134639492883623,0.1722114699778876,strong,0.6272710199768478,0.2454686789361325,trending,3.3138630574636445,5.836739637071618,highly_variable,0.0,0.0,complete,8,HIGH_LOW_LOW
17548,0.3980114961017965,0.1002826149111725,low,0.107178122161563,0.0692014071453524,weak,0.7429672732263546,0.1828077193544734,strong,0.8333761712584671,0.1705318784606287,trending,0.3980576747737234,0.2093002735455368,stable,0.0,0.0,complete,8,HIGH_LOW_LOW
10059,0.3980064012831267,0.215744980581107,low,0.2795619113012356,0.3917851783846314,weak,0.6710254251111278,0.2487642339665083,strong,0.6450032896749628,0.14393572518441,trending,0.2094080152426811,0.0751664393694838,stable,0.0,0.0,complete,8,HIGH_LOW_LOW
643,0.39795137467942,0.2876980572413449,low,0.2635971978817941,0.3799376892421381,weak,0.7614130448787036,0.3190514346996712,strong,0.7892657351670175,0.0970377665425332,trending,2.215675177480819,3.4836766882983663,highly_variable,0.0,0.0,complete,8,HIGH_LOW_LOW
11355,0.3978681839050387,0.100160803397131,low,0.0827574227953088,0.0678252569573529,weak,0.6296143945408087,0.1896232947058401,strong,0.7928429048111457,0.1036517964018319,trending,1.152216391037016,0.6115820218089159,variable,0.0,0.0,complete,8,HIGH_LOW_LOW
6429,0.3978246521998489,0.2122883495489421,low,0.1192825624497094,0.0805644340342517,weak,0.6403320097684404,0.2140663018578262,strong,0.6982877754548437,0.2615529431540943,trending,0.7143154903297873,0.6493576851621614,moderate,0.0,0.0,complete,8,HIGH_LOW_LOW
19437,0.3978120719432976,0.1649238534030017,low,0.2538230611465213,0.2966920487883923,weak,0.557495146927254,0.1713885167861988,moderate,0.9092947668568472,0.1209654736281609,trending,0.7240693551329267,0.65251777511097,moderate,0.0,0.0,complete,8,HIGH_LOW_LOW
19195,0.3977498914064875,0.313375109755656,low,0.0542171895268993,0.0220239729480285,weak,0.5499609357254269,0.4287310279272616,moderate,0.4562725772932364,0.073389425562365,random,1.5957980760465638,2.3102567850554108,variable,0.0,0.0,complete,8,HIGH_LOW_LOW
20681,0.397717389274255,0.1082735896708109,low,0.0780849796613246,0.0689767099198737,weak,0.6484037397972072,0.0846682628381982,strong,0.7276253118850504,0.0676874600674552,trending,0.3941233059316876,0.2268396729317393,stable,0.0,0.0,complete,8,HIGH_LOW_LOW
9082,0.3976673802159687,0.140538548527124,low,0.1029125296520956,0.165819905427242,weak,0.6737603521387145,0.2208158864255188,strong,0.8674721273643135,0.0855030929461409,trending,0.4257343907454555,0.0543036705211263,stable,0.0,0.0,complete,8,HIGH_LOW_LOW
7124,0.3976359192526397,0.3611266577630639,low,0.3472312108450551,0.366045320477193,moderate,0.4831807106080203,0.4060407950812452,moderate,0.7001909709394842,0.1510564509402862,trending,3.539382052146408,6.563523389148247,highly_variable,0.0,0.0,complete,8,HIGH_LOW_LOW
16487,0.3975006631581778,0.1958924309752131,low,0.0143659875543077,0.0078740205056332,weak,0.4244520721800498,0.2504258408096416,moderate,0.4532472073358497,0.0536781932445558,random,0.8445144331568768,0.4816188086792025,moderate,0.0,0.0,complete,8,HIGH_LOW_LOW
17652,0.3974965361696317,0.0579590460987125,low,0.2853913759787574,0.1543385911193145,weak,0.4511278743527421,0.196943475203967,moderate,0.3631839189785125,0.0573724470157399,mean_reverting,0.7887397738879678,0.2492916278616602,moderate,0.0,0.0,complete,8,HIGH_LOW_LOW
15742,0.397461885871091,0.0794387116712469,low,0.0497063667983232,0.0559442347045437,weak,0.5903729652422101,0.1602670842256444,moderate,0.6503872637575023,0.2354911585004361,trending,0.8049368415274067,0.8462859215163689,moderate,0.0,0.0,complete,8,HIGH_LOW_LOW
8425,0.3974600002385586,0.2019030486347619,low,0.266073183151043,0.2751950733546634,weak,0.634284474987223,0.3481487499063453,strong,0.9066624019762352,0.1152468265146726,trending,0.6297235204018905,0.2596356354431524,moderate,0.0,0.0,complete,8,HIGH_LOW_LOW
2233,0.3974451310244837,0.1690789015901904,low,0.1364585452754975,0.0950495781174997,weak,0.7182213436036969,0.1342488011555949,strong,0.7437025437594857,0.0392595964303939,trending,0.5677942369430078,0.3536246280094703,moderate,0.0,0.0,complete,8,HIGH_LOW_LOW
3227,0.3973835360707188,0.2594171109363209,low,0.3057812085821065,0.3483963860176726,moderate,0.7526110703062694,0.2808282026190516,strong,0.5733062331278299,0.1324070197974511,random,5.151600861349634,9.382114075504903,highly_variable,0.0,0.0,complete,8,HIGH_LOW_LOW
8830,0.3973551285347567,0.1774812464324165,low,0.0621120715482667,0.0306537086129458,weak,0.5809371097074475,0.1766967419699629,moderate,0.492700211068058,0.0948238258771209,random,0.4968120952290086,0.0973010671867449,stable,0.0,0.0,complete,8,HIGH_LOW_LOW
11253,0.3973117726682161,0.3224846728677976,low,0.261579991840166,0.3846652919886775,weak,0.6592974334368858,0.3419643683234519,strong,0.7881304973913398,0.1650089098762991,trending,2.127123859317929,3.948794398421488,highly_variable,0.0,0.0,complete,8,HIGH_LOW_LOW
11679,0.3973009087318596,0.1186843660093461,low,0.0596454397549801,0.1081280918762487,weak,0.6661648788555757,0.0971997391373347,strong,0.7248096515522167,0.1103309914456017,trending,0.566251429096617,0.3306704019000076,moderate,0.0,0.0,complete,8,HIGH_LOW_LOW
20634,0.3972830028501429,0.0874359712534574,low,0.1057948470988887,0.0816931878433175,weak,0.6525714395193263,0.0718084090387727,strong,0.7137024996344418,0.0352005814385898,trending,0.4100218505375153,0.234948383616759,stable,0.0,0.0,complete,8,HIGH_LOW_LOW
19873,0.397268031079319,0.2807457142947753,low,0.2278923944112549,0.3867273311983655,weak,0.6876265433307519,0.3446661583645752,strong,0.5124888105640346,0.1536862892201203,random,4.279164930101227,5.240643720444285,highly_variable,0.0,0.0,complete,8,HIGH_LOW_LOW
20704,0.3971247462613207,0.1841871347783707,low,0.1838160155610848,0.0844669288987127,weak,0.6863591371498111,0.3258111680744607,strong,0.798731702781151,0.1247886962709157,trending,0.6386358084406099,0.5874568961201149,moderate,0.0,0.0,complete,8,HIGH_LOW_LOW
20096,0.3970674729030091,0.1794407254158462,low,0.0373109701843284,0.048309560189727,weak,0.7384052375035044,0.2147882232954524,strong,0.9170222054648248,0.1076712752369058,trending,0.5599901453465979,0.3898227460455557,moderate,0.0,0.0,complete,8,HIGH_LOW_LOW
8658,0.3970168790669969,0.0899373907744199,low,0.0781717664490715,0.1556305920932987,weak,0.6039002108382064,0.100713134012247,strong,0.622459160310046,0.0383222501180646,trending,0.5570734711005535,0.1176191129853767,moderate,0.0,0.0,complete,8,HIGH_LOW_LOW
8559,0.3969776789767084,0.0911139607314134,low,0.0609655146567243,0.0498113275521433,weak,0.6350753810556677,0.0820872959291965,strong,0.7096849298039631,0.0739856858584096,trending,0.7055949381557987,0.3783572099280287,moderate,0.0,0.0,complete,8,HIGH_LOW_LOW
20811,0.3969587789615644,0.1367500137501741,low,0.0661393770898748,0.0489109961430327,weak,0.6337695867167801,0.1382475412584224,strong,0.7293281571459449,0.1994912683993201,trending,0.7393781641520226,0.675218220403646,moderate,0.0,0.0,complete,8,HIGH_LOW_LOW
2288,0.3968681828366743,0.2452467321998719,low,0.0696766103898114,0.0578459136229172,weak,0.5935104418273013,0.3085722064151948,moderate,0.6060855568454836,0.0776328149970173,trending,0.6096183325077964,0.3968928956226699,moderate,0.0,0.0,complete,8,HIGH_LOW_LOW
20584,0.3968647091518515,0.1405311702035008,low,0.1494693007776872,0.1319703813114054,weak,0.557596364163324,0.271235938653556,moderate,0.5128698444646848,0.1323949175041557,random,2.087589311590136,2.050306686776488,highly_variable,0.0,0.0,complete,8,HIGH_LOW_LOW
9862,0.396825035655619,0.2352714441539302,low,0.0191282477509537,0.0337770777262439,weak,0.4569237699900153,0.3315109166078827,moderate,0.5684412109066039,0.1658341685643085,random,0.7945104021942907,0.4113250278128664,moderate,0.0,0.0,complete,8,HIGH_LOW_LOW
8568,0.3968177718952922,0.092645319999892,low,0.0079629816668682,0.0149442130549054,weak,0.5960121608236142,0.0715326448206605,moderate,0.7038507530324619,0.0519096179367879,trending,0.4043575986188175,0.1913339012111297,stable,0.0,0.0,complete,8,HIGH_LOW_LOW
2435,0.3967669507950163,0.1521464886038476,low,0.0,0.0,weak,0.6030565346276973,0.1652245988669415,strong,0.8409585005697355,0.0311628640127938,trending,0.8444772156580738,0.3150720617479643,moderate,0.0,0.0,complete,8,HIGH_LOW_LOW
21945,0.3966919554484921,0.3382597801083252,low,0.0628258905898705,0.1021150265543045,weak,0.4509779057637625,0.4038909921897337,moderate,0.8183684776614804,0.2053903144591009,trending,1.096009472235561,1.2492219526700774,variable,0.0,0.0,complete,8,HIGH_LOW_LOW
18525,0.3963606269581982,0.3777021402911703,low,0.252407254652762,0.3809555356353952,weak,0.4957079653890128,0.4228645285096423,moderate,0.51724443228604,0.1728339478801997,random,0.4584724143166476,0.3297683436271306,stable,0.0,0.0,complete,8,HIGH_LOW_LOW
18258,0.3962741308172401,0.2656539842969924,low,0.2400281305443366,0.3827655263121599,weak,0.7484433787449654,0.2509700183917487,strong,0.593934872421843,0.0667503736638622,random,11.598197642266795,22.28017282261417,highly_variable,0.0,0.0,complete,8,HIGH_LOW_LOW
1809,0.3962536864387183,0.2005619874392711,low,0.0655701603671853,0.0700599876833872,weak,0.607302662586052,0.1685774933193665,strong,0.5740008793580289,0.0732986023069105,random,0.7423743049868182,0.4322421282480385,moderate,0.0,0.0,complete,8,HIGH_LOW_LOW
14829,0.3961820810858473,0.1974824646293865,low,0.3643638214752096,0.327795631349443,moderate,0.7780482679203942,0.2847869290377929,strong,0.946444928934602,0.0453037403375681,trending,1.067338840799624,0.6257842992925098,variable,0.0,0.0,complete,8,HIGH_LOW_LOW
19596,0.3961200705695236,0.3291950175237402,low,0.355653721356625,0.3592045790088554,moderate,0.4570335229190135,0.3581993692331651,moderate,0.5675158170915312,0.0456047303699571,random,1.208465348597218,1.815483718809304,variable,0.0,0.0,complete,8,HIGH_LOW_LOW
12070,0.3961167151811779,0.1743642332071528,low,0.0512518009516527,0.0256083689425952,weak,0.6171224405526686,0.2612145505898949,strong,0.4779822875588476,0.0444288672594678,random,0.2968899324376832,0.1000161298786262,stable,0.0,0.0,complete,8,HIGH_LOW_LOW
1892,0.3960715696136309,0.2350470740928064,low,0.0759139114345065,0.0977667669386992,weak,0.5961987222093794,0.3204573864502447,moderate,0.671124621683715,0.0944488222187291,trending,0.3710727114205244,0.1996075222527971,stable,0.0,0.0,complete,8,HIGH_LOW_LOW
4617,0.3958229141606522,0.1779377279291285,low,0.0073514286840691,0.0062269149747777,weak,0.5737813267531948,0.2427585059645827,moderate,0.5529962865597325,0.0743678510587118,random,1.866532735408248,2.723280422628678,variable,0.0,0.0,complete,8,HIGH_LOW_LOW
11710,0.395703345561244,0.1798664409543774,low,0.0037406199641407,0.0047719490605065,weak,0.5549401053356592,0.2185803555313901,moderate,0.6196047231616066,0.0310665370749848,trending,0.69434250321571,0.3080835242647585,moderate,0.0,0.0,complete,8,HIGH_LOW_LOW
4308,0.3956878187616751,0.2722965569227352,low,0.2497011248365887,0.3766016171288222,weak,0.6722947556296217,0.3724440357060045,strong,0.5175623597492109,0.0879234549014973,random,0.3003371239505111,0.226570556398807,stable,0.0,0.0,complete,8,HIGH_LOW_LOW
7123,0.395675473666259,0.3630744432885018,low,0.335234677087915,0.3791635618641992,moderate,0.4616612729152628,0.4162991540861477,moderate,0.6603959268364253,0.1086713099684572,trending,3.4995935081302485,6.4925004301295,highly_variable,0.0,0.0,complete,8,HIGH_LOW_LOW
20210,0.3956600469099868,0.2391689722269383,low,0.0020278504100769,0.0026810954593102,weak,0.4615578077728448,0.2867775591476025,moderate,0.6454788081822522,0.0839452054660094,trending,1.097354894952326,0.5105069694375232,variable,0.0,0.0,complete,8,HIGH_LOW_LOW
7543,0.395644528753514,0.3291336171119159,low,0.1015775764689484,0.0709200524751757,weak,0.4926227985289925,0.3649271761812779,moderate,0.8486387566157461,0.1836057244845634,trending,0.6730996063418685,0.789978687985726,moderate,0.0,0.0,complete,8,HIGH_LOW_LOW
2436,0.3954876891703971,0.1550385041576595,low,0.0,0.0,weak,0.6003230976582122,0.1784880011895963,strong,0.837772353113794,0.0323685864631128,trending,0.8540710144311167,0.318382424803179,moderate,0.0,0.0,complete,8,HIGH_LOW_LOW
5841,0.3954509479472869,0.3239096366062312,low,0.16113623579681,0.1321237603220313,weak,0.4137903352088845,0.3240879170887373,moderate,0.7007675176846458,0.1576257690168407,trending,1.55379849999972,2.62090095747666,variable,0.0,0.0,complete,8,HIGH_LOW_LOW
7101,0.3954193155207777,0.3634207164800573,low,0.3402446280765779,0.3718583297833858,moderate,0.4850625020153334,0.4112828944983297,moderate,0.6724921587247668,0.1350847865875444,trending,3.745499519679008,6.986060464835571,highly_variable,0.0,0.0,complete,8,HIGH_LOW_LOW
9106,0.3953749345111338,0.1354463496033268,low,0.0065896524301442,0.0131793048602885,weak,0.5579964966736265,0.260509628021747,moderate,0.9057176881205026,0.1076046794138827,trending,1.0514267264440842,0.1764948871629042,variable,0.0,0.0,complete,8,HIGH_LOW_LOW
9856,0.3953414187154924,0.2329798094891657,low,0.005367108959925,0.0081997089259678,weak,0.4222427718925733,0.3172434864776952,moderate,0.5533247951771693,0.1889900886929087,random,0.7869585992484925,0.4057577586383002,moderate,0.0,0.0,complete,8,HIGH_LOW_LOW
7536,0.3953120804487146,0.1538911864063402,low,0.0786715187557964,0.0901721962836953,weak,0.6371996415125442,0.0655823193307609,strong,0.8207564941480436,0.0586426878526913,trending,0.8696002777968432,0.4916435224868586,moderate,0.0,0.0,complete,8,HIGH_LOW_LOW
8558,0.3953052658499342,0.0924671681848058,low,0.0417364360265545,0.0343047043485489,weak,0.6292756572526566,0.083335840501507,strong,0.7144231814622887,0.0699488327185031,trending,0.7056351564242911,0.3811439602376676,moderate,0.0,0.0,complete,8,HIGH_LOW_LOW
1890,0.3953007052368366,0.2278791978552131,low,0.0836652637355493,0.1196617447759188,weak,0.6514354409672422,0.3052323056771521,strong,0.6495270567240563,0.0848674342305658,trending,0.3714545841435567,0.1984785365126313,stable,0.0,0.0,complete,8,HIGH_LOW_LOW
20202,0.3952460767239553,0.1801362665107187,low,0.0201410455613432,0.0385185395543474,weak,0.5230501561516779,0.2720919703418553,moderate,0.5594884200732307,0.1136531582084883,random,0.3359635900083173,0.2182248547778197,stable,0.0,0.0,complete,8,HIGH_LOW_LOW
7112,0.3951373390398408,0.3613263611688894,low,0.3421608481299722,0.3694386218059705,moderate,0.4621317619741018,0.4160460528702832,moderate,0.6871995375886302,0.1253600691820315,trending,3.550166721196681,6.58825628308646,highly_variable,0.0,0.0,complete,8,HIGH_LOW_LOW
17936,0.3951324367042477,0.1974099511413135,low,0.0222266623433236,0.0195984141546547,weak,0.6221915383550862,0.2884150619767341,strong,0.8463768426878062,0.0562585957849514,trending,0.4592308758178873,0.2116269578564731,stable,0.0,0.0,complete,8,HIGH_LOW_LOW
109384,0.395057804539019,0.1962801417156479,low,0.3158672311491425,0.2962573760709309,moderate,0.8703472319469497,0.174192556787589,strong,1.0,0.0,trending,1.5841978710859532,0.3055898036095574,variable,0.0,0.0,complete,8,HIGH_LOW_LOW
17322,0.3950453638253772,0.1980561123353622,low,0.0138199800805457,0.0276399601610914,weak,0.524038173145845,0.2774157793014141,moderate,0.5726742719712129,0.2259745837594852,random,0.6198488311702682,0.5179884933465426,moderate,0.0,0.0,complete,8,HIGH_LOW_LOW
20448,0.3950335768269667,0.3337481859572346,low,0.0558121709998518,0.0653522391528976,weak,0.431347690953923,0.3266873890107411,moderate,0.7966604048357836,0.17941657155627,trending,0.2795326154662285,0.1797397156964386,stable,0.0,0.0,complete,8,HIGH_LOW_LOW
18215,0.3950044813417858,0.1306307828062653,low,0.0114712025384031,0.0229424050768063,weak,0.6781519234466904,0.2266905398292798,strong,0.8144245242606806,0.0943066922003708,trending,0.8777495573494052,0.4266717636912562,moderate,0.0,0.0,complete,8,HIGH_LOW_LOW
17426,0.3950008035393368,0.1567544220196123,low,0.0330440543785588,0.0384051237445444,weak,0.640007955766908,0.1343861138051967,strong,0.6851757311636948,0.0358056855321382,trending,0.6603220126617304,0.3682574772986975,moderate,0.0,0.0,complete,8,HIGH_LOW_LOW
3215,0.3949933925504291,0.151303379317102,low,0.0130134096119278,0.0190942908914848,weak,0.6046628021280676,0.1509636210539783,strong,0.7481720580153979,0.2218221451826956,trending,0.5923606795639671,0.4182073794130945,moderate,0.0,0.0,complete,8,HIGH_LOW_LOW
22255,0.3948947564240771,0.155453613401679,low,0.0389639762145877,0.029221827258786,weak,0.5441022877075602,0.1576231287151051,moderate,0.518689626831983,0.1895202088949158,random,0.2995343909356951,0.1244066412143921,stable,0.0,0.0,complete,8,HIGH_LOW_LOW
15711,0.394785545248473,0.2089527782500537,low,0.0642537138512412,0.1068318975464026,weak,0.5762797848645004,0.2700266293654431,moderate,0.5716038225832122,0.0588680173113932,random,1.869098916900856,2.74973441480926,variable,0.0,0.0,complete,8,HIGH_LOW_LOW
20633,0.3947282746072338,0.0926034348526131,low,0.0989133094921276,0.076102922931214,weak,0.6543051938887666,0.0668260358510948,strong,0.7065528754637154,0.034836646099032,trending,0.4096465044496398,0.235047414979092,stable,0.0,0.0,complete,8,HIGH_LOW_LOW
12130,0.3947028657016312,0.104661533999281,low,0.1007849230958476,0.0433027080748817,weak,0.5906055615549931,0.1195333868210231,moderate,0.5965735977849856,0.0401286998191834,random,0.4022498510692106,0.1473607596151174,stable,0.0,0.0,complete,8,HIGH_LOW_LOW
6428,0.3946216461194545,0.2141857047821761,low,0.0902666993612528,0.0508233463085824,weak,0.6753400577617602,0.1794349258930072,strong,0.7095370681002111,0.2560665585507723,trending,0.7163844475526624,0.6410002906799466,moderate,0.0,0.0,complete,8,HIGH_LOW_LOW
14617,0.3943752261957117,0.1405813214124076,low,0.1848685989772774,0.3338493672108732,weak,0.5873188783928491,0.1523454347961655,moderate,0.7595220257933819,0.151340346407596,trending,0.9718058736491536,0.7109131242430409,moderate,0.0,0.0,complete,8,HIGH_LOW_LOW
19295,0.3943639308579074,0.1717241880027085,low,0.2047400760330672,0.3977284878549136,weak,0.7289121682855944,0.1927279576434292,strong,0.655144628184632,0.240361831189883,trending,0.2648892206334394,0.1773353700472806,stable,0.0,0.0,complete,8,HIGH_LOW_LOW
10011,0.3943411026351225,0.2608633627792174,low,0.2593053677856375,0.3058812408546313,weak,0.6535929481465323,0.2698357979014602,strong,0.6928804734952493,0.0483899467039099,trending,1.7305775931344465,2.451058188436184,variable,0.0,0.0,complete,8,HIGH_LOW_LOW
15046,0.3943298317427517,0.3145421265393252,low,0.3937552056942998,0.4379323794941162,moderate,0.5439756898692449,0.3544696264079709,moderate,0.7016841215473912,0.1795350979699586,trending,0.1370143355960912,0.1370628416924546,stable,0.0,0.0,complete,8,HIGH_LOW_LOW
22053,0.3943026427206953,0.3066980345476919,low,0.1469628421332974,0.1488693923577423,weak,0.4529315546893661,0.3080891416426188,moderate,0.8563949077624269,0.1971917793131205,trending,0.5121657320801003,0.5289173422591394,moderate,0.0,0.0,complete,8,HIGH_LOW_LOW
109271,0.3941881543848613,0.3495027266761369,low,0.3263664218848705,0.3525550357142618,moderate,0.6737453163023861,0.3632241050462201,strong,0.9073493604919424,0.1579127453496511,trending,1.2488950620872987,1.2099182512040545,variable,0.0,0.0,complete,8,HIGH_LOW_LOW
585,0.3941481076127778,0.3388440588052049,low,0.2450617320747726,0.3756985306429246,weak,0.4878798717192956,0.3033486308601553,moderate,0.6117498278958918,0.193131196527156,trending,5.0905068790713806,8.856759118820376,highly_variable,0.0,0.0,complete,8,HIGH_LOW_LOW
18695,0.3941211079660803,0.2334839945917691,low,0.0050927737609267,0.0101855475218535,weak,0.5076094977895317,0.2311124639649265,moderate,0.6679264814787249,0.0789202736776373,trending,0.9856231697565032,0.3726869764141188,moderate,0.0,0.0,complete,8,HIGH_LOW_LOW
5288,0.3940855782496827,0.1652256222317992,low,0.2040836092779518,0.3980217525575064,weak,0.6993888687373472,0.2253915772371206,strong,0.6114666258089294,0.2043865787169973,trending,0.5015913501449608,0.3119794712430247,moderate,0.0,0.0,complete,8,HIGH_LOW_LOW
7138,0.3939929378086861,0.3639441965592901,low,0.331898989740484,0.3760025637669785,moderate,0.4767867337315722,0.411955617735457,moderate,0.7018116684127518,0.1572636269609847,trending,3.542602172159232,6.576057014569435,highly_variable,0.0,0.0,complete,8,HIGH_LOW_LOW
20682,0.3939887121491443,0.108225937786381,low,0.0736274438786181,0.0696043631185365,weak,0.6502613698477245,0.0681970228897533,strong,0.7257354528692894,0.0710197654530078,trending,0.3952518801216747,0.2263336649990288,stable,0.0,0.0,complete,8,HIGH_LOW_LOW
10027,0.3939547509076845,0.2021944957094823,low,0.0429740555293862,0.0480477153943172,weak,0.5869286324777129,0.3287249917860654,moderate,0.7689482083051332,0.1376310777372193,trending,0.7076194178320179,0.1213552007299926,moderate,0.0,0.0,complete,8,HIGH_LOW_LOW
16918,0.3938157482144787,0.2464513440293245,low,0.0267908539802616,0.0272098972930781,weak,0.5392414705014488,0.3259002959841434,moderate,0.6098221029376383,0.0844697252829372,trending,1.0388797478192622,0.7754298849162633,variable,0.0,0.0,complete,8,HIGH_LOW_LOW
2431,0.3936506236266374,0.1303975765782045,low,0.0009242039133362,0.0018484078266725,weak,0.6530532546138403,0.1089849278122507,strong,0.8383683177803176,0.0197445657740508,trending,0.6800467671899347,0.1565932398077229,moderate,0.0,0.0,complete,8,HIGH_LOW_LOW
20109,0.3936451826952462,0.1701474279883013,low,0.0740162016690705,0.1480324033381411,weak,0.5501069264672676,0.259270863223383,moderate,0.7935731470415119,0.0713361434720901,trending,4.322197133667695,6.071797647110409,highly_variable,0.0,0.0,complete,8,HIGH_LOW_LOW
5929,0.3936398020721753,0.2160673373584937,low,0.0498881333624953,0.0457743035883904,weak,0.6245172836859328,0.2083510089748923,strong,0.5947723102620306,0.1203938463001211,random,0.2720307279008026,0.1610192835372418,stable,0.0,0.0,complete,8,HIGH_LOW_LOW
10166,0.3935975054341376,0.330042289472478,low,0.0820335384536154,0.0692644909053746,weak,0.4735977987643675,0.3474076755192765,moderate,0.8265344998050361,0.2047324945183853,trending,0.7517131651390857,1.2858381562300611,moderate,0.0,0.0,complete,8,HIGH_LOW_LOW
11845,0.3935833748737769,0.2999220154116617,low,0.0335334543160027,0.0670669086320055,weak,0.8410562695390176,0.0329817518463157,strong,0.6398463212034716,0.1239821300271289,trending,1.2141353293516564,0.9354137414856496,variable,0.0,0.0,complete,8,HIGH_LOW_LOW
9594,0.3935305181920219,0.1376128615582025,low,0.0446696865853627,0.0426828892987419,weak,0.6061407490734535,0.1510638984304862,strong,0.7071298085621345,0.1777956627618208,trending,0.829120615196004,0.5290153052379113,moderate,0.0,0.0,complete,8,HIGH_LOW_LOW
19197,0.3933908640990505,0.3118277936820448,low,0.0548808563129237,0.0189348564272704,weak,0.5598045662494993,0.4199930413605071,moderate,0.4413666472906944,0.0688379763446376,random,1.8154392945758293,2.733812705103253,variable,0.0,0.0,complete,8,HIGH_LOW_LOW
10606,0.3932366816109472,0.2738468463153416,low,0.033983000200211,0.0675110555661735,weak,0.4523935135473481,0.3327503337508022,moderate,0.6300363984131231,0.0587389537554213,trending,2.1597342349072832,2.2323306880340312,highly_variable,0.0,0.0,complete,8,HIGH_LOW_LOW
14663,0.3931987226187896,0.2113343666405985,low,0.2039753080598509,0.29284571234518,weak,0.6655245164864019,0.2444215761393774,strong,0.6430509038921949,0.0482002981904102,trending,5.012151964087592,8.919593172042859,highly_variable,0.0,0.0,complete,8,HIGH_LOW_LOW
14824,0.393192049554562,0.1056854478904639,low,0.050022302985074,0.0271366262818927,weak,0.4937496602269184,0.2299779858395145,moderate,0.5631098493009757,0.0568525200485194,random,0.3146884329407194,0.1646823185357887,stable,0.0,0.0,complete,8,HIGH_LOW_LOW
12089,0.3931822145184872,0.310360127305653,low,0.0635705600750096,0.1196291551135935,weak,0.4652088110144291,0.2584493032374163,moderate,0.9,0.2,trending,0.6692050933119094,0.3666677206939789,moderate,0.0,0.0,complete,8,HIGH_LOW_LOW
19291,0.3931580083849885,0.2333592874333632,low,0.1218153753224764,0.2013951431333917,weak,0.5973154845979172,0.3140693374954328,moderate,0.6671932042600356,0.1019148472008918,trending,0.9510331248596724,0.8420397777634472,moderate,0.0,0.0,complete,8,HIGH_LOW_LOW
4184,0.393131789145518,0.2799406572074985,low,0.044029030034832,0.0314240136760163,weak,0.5871145741750239,0.3629275735804907,moderate,0.5481141464583669,0.0329564597322851,random,1.321216277898098,2.101639039313804,variable,0.0,0.0,complete,8,HIGH_LOW_LOW
13103,0.3930959112971209,0.1132423718346106,low,0.0207756970353447,0.0226588618862168,weak,0.595083717384742,0.1938335663334776,moderate,0.6847604800588025,0.178493633970461,trending,0.5131394948732607,0.1795684700860401,moderate,0.0,0.0,complete,8,HIGH_LOW_LOW
19207,0.3930720610515468,0.2729106336439829,low,0.0165992235787128,0.0136817064653112,weak,0.5592902437042495,0.3484675340274147,moderate,0.6713770351887113,0.1250320226072397,trending,1.1475020768171589,1.3570093566199557,variable,0.0,0.0,complete,8,HIGH_LOW_LOW
15830,0.3930676933913918,0.1907935010042588,low,0.0729388535895042,0.0752450489321265,weak,0.5523266418607736,0.2945595761631833,moderate,0.450816718778299,0.1761730429667316,random,0.5339559400558983,0.4437253512261663,moderate,0.0,0.0,complete,8,HIGH_LOW_LOW
13016,0.393039454593475,0.1335712850240597,low,0.0835391875199079,0.0655712791898013,weak,0.7750724700078002,0.0908800784557545,strong,0.8965289481594209,0.1479075178426614,trending,0.4177411996266438,0.3347975396591156,stable,0.0,0.0,complete,8,HIGH_LOW_LOW
20706,0.3929730482319569,0.1817695895776906,low,0.1917573495055191,0.0735585576873534,weak,0.6607294240041025,0.3223059582513009,strong,0.746886954144724,0.1285716609750148,trending,0.6227125030484318,0.5902380965674303,moderate,0.0,0.0,complete,8,HIGH_LOW_LOW
2323,0.3929134984510413,0.2566603609329845,low,0.2403895091752684,0.2664630725119832,weak,0.6162934851542448,0.283037623841945,strong,0.5697748094261618,0.0333461610401401,random,4.574031317133461,8.142596724962894,highly_variable,0.0,0.0,complete,8,HIGH_LOW_LOW
7491,0.3929080291093975,0.1026278723585346,low,0.0270795392312194,0.0522734741013404,weak,0.6062966743441967,0.0827999861543228,strong,0.8561110620829844,0.0143592133785858,trending,0.5157958113458021,0.1585031292542116,moderate,0.0,0.0,complete,8,HIGH_LOW_LOW
17009,0.3927135051819873,0.2425612747332668,low,0.2170722827791245,0.2021103616944468,weak,0.6319704747358386,0.236976648866811,strong,0.5445487313410804,0.0962983895340775,random,0.5072150069450184,0.2199080839540698,moderate,0.0,0.0,complete,8,HIGH_LOW_LOW
11397,0.3927111300293964,0.1620684801961887,low,0.0103010823770144,0.0140095776052719,weak,0.6608829591288966,0.1880355625937062,strong,0.8148707259447953,0.0610157340466603,trending,0.5314282667224356,0.1440255784778579,moderate,0.0,0.0,complete,8,HIGH_LOW_LOW
14433,0.3927045890210618,0.2287092388714251,low,0.0247122277764723,0.0454981383196244,weak,0.4235899455618493,0.140339320532606,moderate,0.5944794381623731,0.2054439194056371,random,0.6491982596933074,0.5356600117054625,moderate,0.0,0.0,complete,8,HIGH_LOW_LOW
14184,0.3926407954493995,0.1539271800659598,low,0.0498730053192246,0.0499236513731447,weak,0.5755295132179369,0.2947985740473769,moderate,0.5873539997659053,0.0664361099958896,random,1.1660261593700298,1.4148043056080797,variable,0.0,0.0,complete,8,HIGH_LOW_LOW
10159,0.3926028974271436,0.2298238090688269,low,0.0737049715044471,0.0873003121566758,weak,0.5777696170685365,0.3016582489071568,moderate,0.5633266899787107,0.0280297476027264,random,0.2333856545224212,0.0242915001401677,stable,0.0,0.0,complete,8,HIGH_LOW_LOW
104313,0.3924723074226465,0.3119261703427374,low,0.3680706749769102,0.3217242228094295,moderate,0.6622202213274874,0.2021778091528074,strong,0.9757169969427436,0.0251719348035891,trending,0.7493702481767184,0.5687013933930579,moderate,0.0,0.0,complete,8,HIGH_LOW_LOW
3835,0.3924700223149858,0.1410128566671799,low,0.0654708776000465,0.0821750896558279,weak,0.7105809387137112,0.1885730171611644,strong,0.9319291061236652,0.0470873580367543,trending,0.6199532592973579,0.3064510968789561,moderate,0.0,0.0,complete,8,HIGH_LOW_LOW
4515,0.3999369482884505,0.35415789477732,low,0.1398234508774961,0.1253063839272553,weak,0.3581073618720364,0.332986708117135,moderate,0.7137081101905857,0.1553806873496918,trending,0.2510659360860142,0.1542285086863123,stable,0.0,0.0,complete,26,LOW_LOW_LOW
1340,0.3998701684581139,0.3005061043955722,low,0.0270626079604048,0.0170634285494803,weak,0.1115296433573534,0.0794346970841789,weak,0.6386120326583953,0.0729542974436368,trending,2.7624290386841164,2.204770070258876,highly_variable,0.0,0.0,complete,26,LOW_LOW_LOW
22482,0.3997655300003043,0.0417520430520057,low,0.0050810420424601,0.0089960365333826,weak,0.2795500927127134,0.0674476920812582,weak,0.4291234903418856,0.0868911007499746,random,0.4304525388533068,0.1353708064772253,stable,0.0,0.0,complete,26,LOW_LOW_LOW
3536,0.3996996567827927,0.3619939637941233,low,0.2832947425201019,0.265825941058156,weak,0.3919574487511113,0.4594940120686477,moderate,0.7579961702151536,0.2080616397871648,trending,0.4036199967614157,0.5685908420325756,stable,0.0,0.0,complete,26,LOW_LOW_LOW
22194,0.3996505329267713,0.066852443311286,low,0.0112099843557196,0.0139055238042654,weak,0.314490972158933,0.2004787732638786,moderate,0.5142351810047439,0.0457703562435574,random,0.4081767156447322,0.1078173173926643,stable,0.0,0.0,complete,26,LOW_LOW_LOW
12512,0.3996081923933101,0.364592979943219,low,0.1978685630712331,0.200278384362404,weak,0.384919313372806,0.3032469236965096,moderate,0.6338029451225407,0.1370388302809154,trending,3.6101727091374025,6.550741948123343,highly_variable,0.0,0.0,complete,26,LOW_LOW_LOW
22196,0.3993711838418026,0.0577800117061574,low,0.0046151822679827,0.0092303645359654,weak,0.2772659950462589,0.1978061337246646,weak,0.5242687914080617,0.064092884736162,random,0.4289642587533667,0.1239229623878492,stable,0.0,0.0,complete,26,LOW_LOW_LOW
12983,0.3990291407085074,0.3049720043034467,low,0.0786744330337878,0.0490055467866949,weak,0.3554811815143927,0.1849128036876758,moderate,0.5882513140030456,0.1399406882629895,random,0.3517768702362978,0.2638284276126145,stable,0.0,0.0,complete,26,LOW_LOW_LOW
3861,0.3989708856253695,0.3091513719546232,low,0.0198261919319568,0.0227064172865992,weak,0.3601875685286814,0.2028804797043747,moderate,0.5078700889218358,0.1261376709669368,random,0.461484817411905,0.3383657876904004,stable,0.0,0.0,complete,26,LOW_LOW_LOW
22484,0.3987508821968706,0.0331324931320997,low,0.0038329354038249,0.0047870172839377,weak,0.3206840524133678,0.0622745080074244,moderate,0.4606578780014391,0.0497295905528481,random,0.403706307009917,0.1373755374163421,stable,0.0,0.0,complete,26,LOW_LOW_LOW
6152,0.3986716470989152,0.334356638426721,low,0.0934634800227123,0.0562720538494392,weak,0.3694830120765277,0.3142806520469227,moderate,0.6751181264625185,0.1597644072990284,trending,0.3697814354551454,0.227623986620101,stable,0.0,0.0,complete,26,LOW_LOW_LOW
21184,0.3981815693049071,0.3015935504338151,low,0.0659641019322677,0.085448451745536,weak,0.2325015457935556,0.2752003109544675,weak,0.6825602642077154,0.1703075752801967,trending,0.42352212600526,0.4999099079052383,stable,0.0,0.0,complete,26,LOW_LOW_LOW
8892,0.3978325282634233,0.3281319270855282,low,0.08601648783116,0.0553593336505788,weak,0.3286982270261735,0.2794920841465397,moderate,0.6204148117354732,0.0881026297724694,trending,0.4502350062468301,0.3223918814524333,stable,0.0,0.0,complete,26,LOW_LOW_LOW
10830,0.3976936629634228,0.3284958021485304,low,0.0574865974277532,0.0916711634727687,weak,0.222993311251964,0.2658630311916154,weak,0.5429132790341002,0.1366173480260785,random,5.45107533409571,9.416115102639637,highly_variable,0.0,0.0,complete,26,LOW_LOW_LOW
716,0.3976374599490049,0.3154408087319377,low,0.010871755269362,0.0087209079799165,weak,0.1059087707026765,0.0555570295536355,weak,0.6913435425408627,0.1313799071309204,trending,2.1799815487113308,1.732087008897288,highly_variable,0.0,0.0,complete,26,LOW_LOW_LOW
22488,0.397447038510711,0.3067123599049861,low,0.0183629406817064,0.0367258813634129,weak,0.113504021200346,0.0982379262963555,weak,0.5885703700119492,0.1036115827701602,random,0.9225635490317908,0.6883042939837949,moderate,0.0,0.0,complete,26,LOW_LOW_LOW
8680,0.3972205885969748,0.3349481423951973,low,0.1142941411589082,0.1498430266195913,weak,0.3637050090550929,0.3332738482146399,moderate,0.8166861278355885,0.192692057522723,trending,0.6442645527512874,0.4789455174290161,moderate,0.0,0.0,complete,26,LOW_LOW_LOW
12919,0.3969667206428777,0.3499525338857539,low,0.0957958104761178,0.0591454492504693,weak,0.3059038073539243,0.267684430814164,moderate,0.5395489996769531,0.1142188125947438,random,0.7800264393692385,0.6583282691730679,moderate,0.0,0.0,complete,26,LOW_LOW_LOW
426,0.3969244924442731,0.3650140113498795,low,0.2107098661922978,0.3695215176659924,weak,0.1399190183837579,0.1595537778803903,weak,0.6840286126767039,0.1243869628371522,trending,1.774559606636949,1.7156593023560842,variable,0.0,0.0,complete,26,LOW_LOW_LOW
18593,0.3968695442287943,0.3175865423928585,low,0.0326752648842339,0.0391224011232339,weak,0.3328733729631939,0.2161963740784679,moderate,0.6819775693908922,0.1458767730079325,trending,1.233520778546498,1.0371069592550168,variable,0.0,0.0,complete,26,LOW_LOW_LOW
12544,0.3968328559285671,0.1307644803719816,low,0.0148370700377991,0.0179906093534138,weak,0.2845205029112254,0.2390145800135172,weak,0.4647902074370297,0.0303482499704018,random,0.8198943348107555,0.3642378513669441,moderate,0.0,0.0,complete,26,LOW_LOW_LOW
12284,0.3967724520197738,0.3301101611359283,low,0.2101858339477378,0.3950509568440243,weak,0.2135645738261283,0.3934252119250936,weak,0.5863589962047181,0.1404179680976505,random,1.9136377305189172,2.960727630027449,variable,0.0,0.0,complete,26,LOW_LOW_LOW
553,0.39668361083034,0.3297108014700788,low,0.3908771772164844,0.3171205573006819,moderate,0.1080906174199534,0.1256159269753015,weak,0.6642660557131688,0.1323496107709168,trending,2.487503120772587,3.1521411532432326,highly_variable,0.0,0.0,complete,26,LOW_LOW_LOW
20935,0.3966712668176861,0.3017726249902516,low,0.0351484174924826,0.0279034710829715,weak,0.3661411321191123,0.3675107503514794,moderate,0.7575841654313366,0.2396727213995121,trending,0.4331399228517726,0.5243408592878724,stable,0.0,0.0,complete,26,LOW_LOW_LOW
422,0.3965338999413283,0.3299969810877622,low,0.2534018632716278,0.3309720855873198,weak,0.3941893425210679,0.3442658590774782,moderate,0.715716295526786,0.2151475105626926,trending,0.3115581101864831,0.3425950591664734,stable,0.0,0.0,complete,26,LOW_LOW_LOW
3870,0.3964755373953216,0.322410398704279,low,0.0248436372909456,0.0205605570836976,weak,0.273685193517734,0.1887746784041638,weak,0.564130646555492,0.0720824060191635,random,1.1766840516807773,0.8683562792904741,variable,0.0,0.0,complete,26,LOW_LOW_LOW
20447,0.3960510138640235,0.3271097660890053,low,0.028975568842918,0.0153622672132843,weak,0.378582296618944,0.3504686573434565,moderate,0.790261865946263,0.1812253630482566,trending,0.262146831604075,0.1909562387597072,stable,0.0,0.0,complete,26,LOW_LOW_LOW
15841,0.3960312868898855,0.3376135649141548,low,0.0471103427597606,0.0533694151534653,weak,0.2290366854797717,0.2933395348247451,weak,0.5562024060174768,0.0670151796065016,random,0.8611315433989739,0.8710060679544152,moderate,0.0,0.0,complete,26,LOW_LOW_LOW
4322,0.3958831769283643,0.1393611516724238,low,0.027981556129769,0.0323745729522771,weak,0.3661961208062693,0.2650761853980615,moderate,0.6237190568726774,0.0953708193544888,trending,0.9943472264955996,1.0544060904936132,moderate,0.0,0.0,complete,26,LOW_LOW_LOW
9954,0.3958025039893187,0.3082916547250958,low,0.0397292535771705,0.0337644841253801,weak,0.3398956928176854,0.2981302543490571,moderate,0.7078804263156301,0.1665888484462977,trending,0.4025681116190442,0.5407226390577221,stable,0.0,0.0,complete,26,LOW_LOW_LOW
22191,0.3957767673438317,0.0349639856988865,low,0.0017969526116519,0.0035939052233038,weak,0.3433543163588736,0.1818627541345081,moderate,0.5222696350614942,0.0807073199969909,random,0.4122032830383363,0.1072707268689594,stable,0.0,0.0,complete,26,LOW_LOW_LOW
20654,0.3957662826285085,0.3440638971127643,low,0.0666414574906144,0.0958228320555707,weak,0.3615339758112939,0.2915609583464448,moderate,0.8056387815185054,0.1612618708773631,trending,1.1801139596159214,1.2854590528994192,variable,0.0,0.0,complete,26,LOW_LOW_LOW
503,0.3957661367220364,0.0287739843588626,low,0.0,0.0,weak,0.182343982905493,0.1023035850735141,weak,0.3094060584530668,0.0923639028471266,mean_reverting,0.864924609058925,0.2456151464834222,moderate,0.0,0.0,complete,26,LOW_LOW_LOW
4004,0.3957523748552461,0.3726558810425794,low,0.3744444403464502,0.368165696024686,moderate,0.2795055212574392,0.3671900613109742,weak,0.6067627514376598,0.1241795825577147,trending,0.7647213992485664,0.8380860894959156,moderate,0.0,0.0,complete,26,LOW_LOW_LOW
3849,0.3957347116326382,0.3440232214706835,low,0.0844477117536885,0.1164632725001208,weak,0.3723239325144553,0.3063812162411582,moderate,0.6594170953340281,0.0966502264374448,trending,0.7555909896525442,1.0094679383316925,moderate,0.0,0.0,complete,26,LOW_LOW_LOW
4595,0.3956373900816522,0.3054324929664737,low,0.3030017900733027,0.3904172073053993,moderate,0.3061404478961579,0.3607977730748104,moderate,0.7881103594236599,0.1904748711257377,trending,1.826136980818872,1.8289028628746995,variable,0.0,0.0,complete,26,LOW_LOW_LOW
17541,0.3956211890754885,0.313146268725011,low,0.0319823638163479,0.0419516820009564,weak,0.2363800225059155,0.220546838485062,weak,0.6602380264228144,0.1163995802650047,trending,0.4414308224233535,0.4384448393116752,stable,0.0,0.0,complete,26,LOW_LOW_LOW
15842,0.3955385083190151,0.3387486243015018,low,0.0403607409376388,0.0519898662266616,weak,0.2228023603478749,0.3022212166276578,weak,0.5541356509790565,0.0721376712015724,random,0.862141025569996,0.8647915275189809,moderate,0.0,0.0,complete,26,LOW_LOW_LOW
13551,0.3949123311773769,0.3378568990953994,low,0.1531355427908904,0.1256373753357181,weak,0.3078586975007651,0.3069923263058626,moderate,0.513523535710502,0.1012404125388108,random,1.1890093600074223,1.4050546516322493,variable,0.0,0.0,complete,26,LOW_LOW_LOW
5357,0.3948247984887976,0.3490715309031105,low,0.1874174169656851,0.2234763384474908,weak,0.3705630215816229,0.3071146443289668,moderate,0.7103492850585787,0.1562578039234423,trending,4.396858686353062,7.831697714101771,highly_variable,0.0,0.0,complete,26,LOW_LOW_LOW
1337,0.3946966286866205,0.3030464946624701,low,0.0373203359591121,0.031006260990555,weak,0.1645324803352095,0.1792731039041107,weak,0.692800232081733,0.1275793611124513,trending,2.761756625052988,2.228652125839639,highly_variable,0.0,0.0,complete,26,LOW_LOW_LOW
4598,0.3946869549098797,0.3162039147968405,low,0.1048592380058595,0.05643491829252,weak,0.3818712739281197,0.2096975582483868,moderate,0.5786006612523907,0.1730935988288539,random,0.5008338524487235,0.3795976742933718,moderate,0.0,0.0,complete,26,LOW_LOW_LOW
5402,0.3943188031292658,0.3496584640284794,low,0.1191482547597431,0.1464971859162955,weak,0.3698571707308186,0.3007391114586389,moderate,0.6815356670282952,0.1787831938530253,trending,3.8103306731361,6.629115055431744,highly_variable,0.0,0.0,complete,26,LOW_LOW_LOW
15923,0.3943101959499143,0.3391183388095422,low,0.201796733762135,0.310584963274182,weak,0.141700103478367,0.1542571344111764,weak,0.7524525342291515,0.1896424570482866,trending,0.572070353721138,0.918715817107886,moderate,0.0,0.0,complete,26,LOW_LOW_LOW
11770,0.3942292140250548,0.3251811424334783,low,0.1049236312571569,0.1115365349566419,weak,0.3567312165857889,0.2550946928300844,moderate,0.5609607077151603,0.1206997513848879,random,0.5968530397275547,0.4387866079600108,moderate,0.0,0.0,complete,26,LOW_LOW_LOW
12937,0.3941013494642524,0.3635390820346494,low,0.0127882841932399,0.0145290411309245,weak,0.2729707988073724,0.2723778682282236,weak,0.5652315821099689,0.1010325113018633,random,0.7869496574992519,0.6700641193028628,moderate,0.0,0.0,complete,26,LOW_LOW_LOW
19998,0.3938972194625216,0.2180643009603311,low,0.2835011031742401,0.3640208845107417,weak,0.3701257139871371,0.3142837175849808,moderate,0.6670284016006462,0.1377765472265728,trending,1.2124359449249948,0.6673634542503997,variable,0.0,0.0,complete,26,LOW_LOW_LOW
5351,0.3938899978966286,0.3063218665689228,low,0.0024348267143229,0.0030594627024357,weak,0.0623467225261807,0.0640988555111849,weak,0.5111272584944853,0.055644417861444,random,1.1464999676170862,0.8191736543303467,variable,0.0,0.0,complete,26,LOW_LOW_LOW
17450,0.3938344911097773,0.3085444226724325,low,0.0590206777782738,0.0418904747277016,weak,0.3574416707369746,0.1956423737781814,moderate,0.7519512763242815,0.1333667686634225,trending,0.2665882717554885,0.1891510065970088,stable,0.0,0.0,complete,26,LOW_LOW_LOW
13557,0.3937832504608642,0.3382813923136614,low,0.032196311707104,0.0397564400660148,weak,0.2137073228414454,0.2289964776372311,weak,0.7001173175045233,0.1231559309060871,trending,0.4589230499993456,0.5825705513520739,stable,0.0,0.0,complete,26,LOW_LOW_LOW
8936,0.3936826704633861,0.374844705815731,low,0.3340772029714079,0.40700693253492,moderate,0.1165007973645443,0.0868398577271847,weak,0.649552120757872,0.1393821980409641,trending,0.9681367063855372,1.0318654275833248,moderate,0.0,0.0,complete,26,LOW_LOW_LOW
13434,0.3936772651656868,0.3383456356846671,low,0.0439270176547399,0.0797438270107269,weak,0.3309703026210738,0.2811745306431195,moderate,0.6996041813751267,0.1105777208308481,trending,0.6123643701677587,0.4645524560722495,moderate,0.0,0.0,complete,26,LOW_LOW_LOW
21208,0.3934810233046432,0.3041798844356817,low,0.0279469894766436,0.0358276288121363,weak,0.3985849689586211,0.3353423390804705,moderate,0.7819403181152736,0.19965897906597,trending,0.3823553281157089,0.4455197437010528,stable,0.0,0.0,complete,26,LOW_LOW_LOW
17653,0.3934666844913111,0.0606919179763616,low,0.1872162818945763,0.1024889695237332,weak,0.3854510320980626,0.2172761566166751,moderate,0.3272175142036365,0.0668640429337797,mean_reverting,0.7974586464128229,0.2436620254058768,moderate,0.0,0.0,complete,26,LOW_LOW_LOW
10945,0.3934435730792422,0.3147511094220989,low,0.0323658579141677,0.0430836570014513,weak,0.3278486344696222,0.1975140433330858,moderate,0.7024633733284799,0.1530842687316441,trending,0.4482690325564801,0.3124153792827297,stable,0.0,0.0,complete,26,LOW_LOW_LOW
22188,0.3934118840119468,0.0635528184278541,low,0.0266174378099696,0.0444162408200026,weak,0.3363929529575977,0.1842516186303375,moderate,0.5162093988004199,0.0487896372836426,random,0.4080185284796814,0.1046750354346585,stable,0.0,0.0,complete,26,LOW_LOW_LOW
11370,0.3933027476805765,0.3186607839673434,low,0.0524995590650129,0.0694077688627424,weak,0.3169456320957141,0.2066031322438982,moderate,0.5333747277887715,0.0439324533643486,random,0.2660375097310827,0.2477488103619007,stable,0.0,0.0,complete,26,LOW_LOW_LOW
16024,0.3932983856413304,0.111420300700298,low,0.0281731491846547,0.0295695801143624,weak,0.3090470269916664,0.2989816393216649,moderate,0.6970727143591693,0.0748394304328599,trending,1.048417104922568,0.5684394418650544,variable,0.0,0.0,complete,26,LOW_LOW_LOW
14955,0.3932345729271301,0.3175200302046092,low,0.0343131258726369,0.0283281467621217,weak,0.2657714858932515,0.2295134700985136,weak,0.5941730912820545,0.0779397457703882,random,0.4783019038585549,0.2937317235083518,stable,0.0,0.0,complete,26,LOW_LOW_LOW
5344,0.3932013404121661,0.3058771325440463,low,0.0259076239678549,0.0238703661023205,weak,0.0635558524646093,0.0764171339618813,weak,0.4705666503431621,0.0811294055969868,random,1.1196937474927526,0.8737749443147923,variable,0.0,0.0,complete,26,LOW_LOW_LOW
9975,0.3931204517005123,0.3095246808323725,low,0.1691305575582771,0.1885719200657388,weak,0.3259728271883172,0.2467991013351162,moderate,0.609676124680872,0.111010857353216,trending,0.2576093295118838,0.2753727901909323,stable,0.0,0.0,complete,26,LOW_LOW_LOW
608,0.3930896840810002,0.3979042960040281,low,0.1412980313086861,0.1574611508012209,weak,0.3786447674946288,0.3500185014958754,moderate,0.5682559669785874,0.1334486003185487,random,11.969717483890852,22.12209186590376,highly_variable,0.0,0.0,complete,26,LOW_LOW_LOW
5332,0.3930838853230065,0.4318193490261091,low,0.3277997952500232,0.3468206365747554,moderate,0.0533010500172373,0.0409723994385716,weak,0.4743695692687492,0.0375744259073249,random,3.388279956343889,3.6455145710559886,highly_variable,0.0,0.0,complete,26,LOW_LOW_LOW
3798,0.3930070720628789,0.3205858161863256,low,0.038937683479122,0.0371093904950822,weak,0.1317895421502077,0.197824717150903,weak,0.4577421569876299,0.1603124622180205,random,1.6257369695699022,1.6333537083505123,variable,0.0,0.0,complete,26,LOW_LOW_LOW
16003,0.3929484291802085,0.1100821843019452,low,0.0269205274888861,0.0280103719306215,weak,0.3097636902864741,0.2991948762436136,moderate,0.7034165565688453,0.072244890215216,trending,1.045032512406157,0.5638005758420487,variable,0.0,0.0,complete,26,LOW_LOW_LOW
15976,0.3929393994286047,0.1127758553827291,low,0.0270381164952857,0.0288384152906465,weak,0.3015984224354845,0.3031961581504766,moderate,0.6960608348456789,0.072457574395758,trending,1.047355526488522,0.5526499183758479,variable,0.0,0.0,complete,26,LOW_LOW_LOW
21183,0.392917657497665,0.3153771271529295,low,0.0309729582687287,0.0282211873385589,weak,0.338743087760288,0.3234036624549913,moderate,0.7878262085320243,0.2569415031299707,trending,0.3818262634005072,0.4470766421616263,stable,0.0,0.0,complete,26,LOW_LOW_LOW
15843,0.392790672015222,0.3373677164796544,low,0.0613105295264511,0.0576575688357935,weak,0.2600009605163581,0.2805029299598964,weak,0.5743948414644467,0.0800481800524572,random,0.8450162007854013,0.832849877446006,moderate,0.0,0.0,complete,26,LOW_LOW_LOW
8286,0.3927886856568986,0.3215435043998793,low,0.1425933911820062,0.1431294485689012,weak,0.3170195315100677,0.2880782719258652,moderate,0.6353984299397591,0.1001606253694078,trending,0.6008679389967507,0.5031135841546561,moderate,0.0,0.0,complete,26,LOW_LOW_LOW
5356,0.3927635313045164,0.3495843175522464,low,0.0497937144172319,0.0589257564932104,weak,0.3558001953005797,0.3057496283308639,moderate,0.7207846478475096,0.1696079362191899,trending,4.437539204168722,7.91668477515891,highly_variable,0.0,0.0,complete,26,LOW_LOW_LOW
15844,0.3925689514878414,0.3384976328460556,low,0.0522769272491203,0.055515741981608,weak,0.2379460468100334,0.2977164714127118,weak,0.5661736814438064,0.0819751144196335,random,0.8420436916562272,0.8377265254998009,moderate,0.0,0.0,complete,26,LOW_LOW_LOW
638,0.3925627135006502,0.382600308384645,low,0.2785180704905939,0.3697813013786297,weak,0.3565893236717785,0.3680811534754213,moderate,0.6719887683923307,0.2098384216535245,trending,2.0148280045895715,2.250749998394368,highly_variable,0.0,0.0,complete,26,LOW_LOW_LOW
3864,0.392551070495705,0.3444933157541225,low,0.1108268975258665,0.1472524938930882,weak,0.3630873671596497,0.3158307378832833,moderate,0.7004186771928751,0.1203231007631998,trending,0.4743053467731083,0.4655787361018473,stable,0.0,0.0,complete,26,LOW_LOW_LOW
3367,0.3924472326219165,0.3684128509415609,low,0.1492023886538366,0.1237620726903311,weak,0.3279893124424236,0.30914254679375,moderate,0.4642589107109014,0.0816576096382233,random,0.481215179238978,0.2800861575424088,stable,0.0,0.0,complete,26,LOW_LOW_LOW
14848,0.3922754201771742,0.3146085836828732,low,0.0388447595019593,0.0364130229828338,weak,0.136437184058012,0.1407024406912182,weak,0.5945446251387887,0.2184693818936951,random,0.8827312856347402,0.7357893277837159,moderate,0.0,0.0,complete,26,LOW_LOW_LOW
19678,0.3921932108712235,0.1797124694273231,low,0.0165801163983985,0.0311344047488639,weak,0.0778701658976056,0.0222120121791061,weak,0.4410326335788791,0.0978705112080184,random,1.5861525135687304,0.6716546296410629,variable,0.0,0.0,complete,26,LOW_LOW_LOW
5352,0.3921747075453896,0.3086364894349164,low,0.0228481767217532,0.0291603158911401,weak,0.0438192159897079,0.0678416453517335,weak,0.4628128430518897,0.0943708542341898,random,1.1422964324544704,0.9789897136451045,variable,0.0,0.0,complete,26,LOW_LOW_LOW
12226,0.392104770804457,0.3406705336048924,low,0.1042050187588574,0.0690243122740845,weak,0.3860805565075825,0.2769851928676378,moderate,0.6995745303124538,0.1257471066904963,trending,0.3982002405557729,0.2895075191805942,stable,0.0,0.0,complete,26,LOW_LOW_LOW
15845,0.3919965614329729,0.3391769690076741,low,0.0400441223839105,0.0462017097622485,weak,0.2216673166620154,0.2949279092023098,weak,0.5987005855576852,0.083193628102787,random,0.8652258737425502,0.8297467814520489,moderate,0.0,0.0,complete,26,LOW_LOW_LOW
1341,0.3919253342013423,0.3047092605362583,low,0.0226585673142447,0.0271056421843533,weak,0.1398051177020245,0.0762723579305601,weak,0.6386727417834515,0.0735141668075836,trending,2.770367764299797,2.2172472892910315,highly_variable,0.0,0.0,complete,26,LOW_LOW_LOW
12646,0.3919154207884358,0.3307923926202931,low,0.1113963954134003,0.0791911661398613,weak,0.3612052790262456,0.2739045906642626,moderate,0.5770572197289587,0.0772418229405771,random,0.268481283528431,0.2078857801135988,stable,0.0,0.0,complete,26,LOW_LOW_LOW
8100,0.391710774241394,0.3218164969386585,low,0.0587069538033959,0.0546543663985456,weak,0.3906841106263785,0.3131778330636458,moderate,0.7673000514513084,0.1723055769072942,trending,0.3700404364691532,0.3210003678191165,stable,0.0,0.0,complete,26,LOW_LOW_LOW
3989,0.3914638052089595,0.3246160673565532,low,0.1256754298808738,0.1315536419610001,weak,0.1798490964152738,0.2011291292274539,weak,0.6806268914215334,0.2650432347819086,trending,1.3104819866316724,1.127596539148214,variable,0.0,0.0,complete,26,LOW_LOW_LOW
15572,0.3914469572423479,0.308275482420366,low,0.0709336280330447,0.0561340523343204,weak,0.373843612969458,0.2043697548962157,moderate,0.6276861854594559,0.0659595264959818,trending,0.6043814597425453,0.3492427867217337,moderate,0.0,0.0,complete,26,LOW_LOW_LOW
15819,0.3912099799218443,0.3734328997260114,low,0.2670264151955216,0.3789599532257658,weak,0.3157127376488718,0.3535240949820979,moderate,0.7410416799084703,0.1755061117337407,trending,0.7761140654434102,0.590055263318709,moderate,0.0,0.0,complete,26,LOW_LOW_LOW
5388,0.3911450254438969,0.3509186003248449,low,0.1098631128857797,0.1358437136231881,weak,0.3526143334267642,0.3003486642749092,moderate,0.6769160123020568,0.1682282204743191,trending,3.812999276334703,6.619510908092803,highly_variable,0.0,0.0,complete,26,LOW_LOW_LOW
6069,0.3911159634418089,0.0384559028384838,low,0.0041002380259016,0.0035938920929461,weak,0.376081949396788,0.0494060236715945,moderate,0.4197721831709033,0.0291309789774405,random,0.5666363875942596,0.1216447464587909,moderate,0.0,0.0,complete,26,LOW_LOW_LOW
12749,0.3910646459749204,0.0854097398811367,low,0.0046371877993258,0.0071613607762714,weak,0.1555501101558971,0.1599155408932558,weak,0.4643906180918657,0.117988502476853,random,1.1499047667822784,0.690308117880595,variable,0.0,0.0,complete,26,LOW_LOW_LOW
14649,0.391014311610905,0.3419361138863953,low,0.2319521368916118,0.2426487135622276,weak,0.3008487666354195,0.3066770546871045,moderate,0.787411026848366,0.1923566205711264,trending,1.997678975220477,3.5500034869081816,variable,0.0,0.0,complete,26,LOW_LOW_LOW
4730,0.3909836549628108,0.3082927772360573,low,0.1032386146547272,0.1248522201086692,weak,0.0736177410686456,0.0472103463987236,weak,0.5546934312559063,0.0551624379797626,random,2.27655500135694,1.5060253845742997,highly_variable,0.0,0.0,complete,26,LOW_LOW_LOW
7386,0.3909124009506646,0.3117464790777014,low,0.0666383438047672,0.0598034087745943,weak,0.1169062187492658,0.1508989619799559,weak,0.5635694437646726,0.0604084745065177,random,1.446687935863104,1.2685241880296685,variable,0.0,0.0,complete,26,LOW_LOW_LOW
19373,0.3908837949936913,0.3306117500193307,low,0.1011736174961253,0.1313957957888326,weak,0.2950765308509699,0.2672481358698089,weak,0.7469096787164674,0.2913641829280557,trending,0.6266489724947238,0.6249717974635114,moderate,0.0,0.0,complete,26,LOW_LOW_LOW
15727,0.3908486336420103,0.1677552161339075,low,0.0507108315820715,0.0570446853308178,weak,0.2545166994258231,0.034737487917894,weak,0.4272208888103425,0.1998039329339371,random,1.445617997899843,1.6231402322694704,variable,0.0,0.0,complete,26,LOW_LOW_LOW
20126,0.3908178302403741,0.3751844370690134,low,0.3014898746370404,0.3158273087570244,moderate,0.1949530590296765,0.2926469300828249,weak,0.6854435101542811,0.1554901183629272,trending,0.5442765596152853,0.9231140786133822,moderate,0.0,0.0,complete,26,LOW_LOW_LOW
15846,0.3905905614638838,0.3394454678264899,low,0.0348662581404483,0.0480755907664367,weak,0.2190587386648037,0.2961618555305099,weak,0.5821067175853344,0.0719795086381875,random,0.846048905024805,0.8351609769153175,moderate,0.0,0.0,complete,26,LOW_LOW_LOW
3911,0.3905663970419514,0.3557011656234407,low,0.0184184910987627,0.0204534416767973,weak,0.2719080951627207,0.2970271531343131,weak,0.7460719118834891,0.2117796780602641,trending,0.7449303671085853,0.7423876868956429,moderate,0.0,0.0,complete,26,LOW_LOW_LOW
12382,0.3904211217374458,0.3505185453826238,low,0.0377620484516491,0.0517799613329627,weak,0.3233349151921231,0.315310255949202,moderate,0.8167364051426272,0.2260057210400133,trending,0.2157696758844393,0.146487206412555,stable,0.0,0.0,complete,26,LOW_LOW_LOW
11850,0.3903084132941877,0.3194939750474975,low,0.1103023764314354,0.1090255767014683,weak,0.1469338931881408,0.239338762392835,weak,0.5020589096283883,0.1031918457973609,random,1.5175585250478691,1.3250953598583806,variable,0.0,0.0,complete,26,LOW_LOW_LOW
15974,0.3902863862364758,0.1079765072532405,low,0.0278772611661903,0.0298095388776771,weak,0.296760441477604,0.3017440248127199,weak,0.6871890305022973,0.0719687590690242,trending,1.04077127568547,0.5357733692846682,variable,0.0,0.0,complete,26,LOW_LOW_LOW
2688,0.3901343120942313,0.3587255707149286,low,0.0108105042335491,0.0199384186593144,weak,0.0178788824067996,0.0280483744171861,weak,0.57722279361191,0.1015076285424126,random,1.155225753436789,1.1082023307653015,variable,0.0,0.0,complete,26,LOW_LOW_LOW
15847,0.3900614574815442,0.3364434781164361,low,0.0418847448435639,0.049060819415262,weak,0.2313532908250439,0.2875746187440658,weak,0.5608153779118432,0.0719775954474136,random,0.8399968492849995,0.8323639444053718,moderate,0.0,0.0,complete,26,LOW_LOW_LOW
20316,0.3899960081044273,0.3674697099966584,low,0.3219474753614071,0.3560421081212547,moderate,0.0438188495975233,0.0449356313634607,weak,0.558706216550634,0.1303784298414771,random,3.506205055055416,5.331457503726964,highly_variable,0.0,0.0,complete,26,LOW_LOW_LOW
15951,0.3898055903810693,0.3722669182579466,low,0.2133893551146915,0.3669330467863504,weak,0.0548439636468639,0.0875003961218985,weak,0.6172093088293428,0.150841427544499,trending,0.6109149982623732,0.851963984663281,moderate,0.0,0.0,complete,26,LOW_LOW_LOW
12726,0.3898000248632954,0.3389131014114857,low,0.3645255881026953,0.3111333755805485,moderate,0.0943563277945884,0.1071647334041792,weak,0.6830150100339865,0.1875438341865379,trending,0.3415635720047014,0.2067536028753405,stable,0.0,0.0,complete,26,LOW_LOW_LOW
1252,0.3897849172499174,0.3277045943853877,low,0.1628494960081333,0.1074154453208416,weak,0.3268912211268878,0.2268149087327406,moderate,0.6496143781992785,0.1561114863975779,trending,0.3561912057897284,0.3264443720716491,stable,0.0,0.0,complete,26,LOW_LOW_LOW
4052,0.3897373711783943,0.314226055835017,low,0.0067464121844006,0.0069306201851302,weak,0.2527401081602031,0.3109480149681484,weak,0.6863659043703438,0.2817690849901386,trending,1.9647000875827143,1.7862975873720497,variable,0.0,0.0,complete,26,LOW_LOW_LOW
5386,0.3896529392075957,0.3517167839828908,low,0.1856847584559197,0.1897461482801988,weak,0.3815015541774264,0.3230579039656525,moderate,0.687989739676075,0.167958752212479,trending,3.703652005028151,6.430649961325394,highly_variable,0.0,0.0,complete,26,LOW_LOW_LOW
6298,0.3894960280908652,0.3077299063736408,low,0.1277958081094361,0.0815571881886243,weak,0.2830769436494276,0.24257924334322,weak,0.6673557386135442,0.1259585791447528,trending,0.4597032482516285,0.3261240085079822,stable,0.0,0.0,complete,26,LOW_LOW_LOW
10748,0.3894724087900753,0.2367275204239229,low,0.3885831805480434,0.4300675576267343,moderate,0.2835487795449585,0.3615682397932819,weak,0.8335965674377238,0.1501257783553182,trending,0.6103926457359784,0.3770728454171161,moderate,0.0,0.0,complete,26,LOW_LOW_LOW
8932,0.3894376576269019,0.3797385734589716,low,0.2938476362871696,0.3873329277495861,weak,0.1095436786186072,0.0958930379840503,weak,0.596708317756311,0.0592906690563252,random,1.0772131859239131,1.1502873188371727,variable,0.0,0.0,complete,26,LOW_LOW_LOW
11692,0.3894340193551057,0.3201823253356192,low,0.0589298733049305,0.052885634546575,weak,0.1433323116569412,0.2554857560527231,weak,0.4764651330084056,0.1141310415179032,random,1.5653364283208235,1.3501609809164636,variable,0.0,0.0,complete,26,LOW_LOW_LOW
18494,0.3894203554260277,0.3314270257712816,low,0.2271151361249244,0.3640434508006477,weak,0.3376323085536151,0.3451637482036688,moderate,0.7195665890084639,0.2046033974755013,trending,0.4885770092694182,0.6303764048665664,stable,0.0,0.0,complete,26,LOW_LOW_LOW
8161,0.3893783150972389,0.1669324292010762,low,0.0881754618073341,0.1752241099368437,weak,0.3830772493854565,0.3031328397833371,moderate,0.6326902732829678,0.1534548899535605,trending,0.4068666065639311,0.2184924292234219,stable,0.0,0.0,complete,26,LOW_LOW_LOW
5354,0.38927259408163,0.351307041498158,low,0.1540882472875041,0.2169142328478853,weak,0.3509172957355032,0.3034049470343919,moderate,0.6983887531528088,0.1932822411423627,trending,3.912574744422804,6.885589437730137,highly_variable,0.0,0.0,complete,26,LOW_LOW_LOW
20125,0.3892620035174154,0.3890488852505723,low,0.2826922927464012,0.3662215817920431,weak,0.2979349763887269,0.3818353812589673,weak,0.5604365445319546,0.0730077275490104,random,0.5102759262220309,0.8701738767752423,moderate,0.0,0.0,complete,26,LOW_LOW_LOW
16385,0.3892395570938595,0.3333875618369485,low,0.1953509797046971,0.2876205249706992,weak,0.3049189170247878,0.2771889486050909,moderate,0.7758743904193743,0.1762166627193662,trending,0.8678352238237593,0.8438149500267138,moderate,0.0,0.0,complete,26,LOW_LOW_LOW
20332,0.3891958592431831,0.1585350516229384,low,0.0489226118683828,0.0902847883667107,weak,0.3945264750334432,0.1996218459972807,moderate,0.63096000947094,0.0220797630777889,trending,0.7773019391568134,0.2530525730542844,moderate,0.0,0.0,complete,26,LOW_LOW_LOW
17270,0.3891032304951989,0.3061695246576034,low,0.0625865806334334,0.0527622524641752,weak,0.346947034136109,0.1780178033611807,moderate,0.6089322385623006,0.081131170753717,trending,0.2667938353870827,0.1510378163448114,stable,0.0,0.0,complete,26,LOW_LOW_LOW
18385,0.3890282646996701,0.3443234635659121,low,0.0872862658943751,0.0639043273286859,weak,0.3698756175939509,0.3552454360065028,moderate,0.7587976015223677,0.1599298099896317,trending,0.6855242839938711,0.5573090076363263,moderate,0.0,0.0,complete,26,LOW_LOW_LOW
12953,0.3890082953637158,0.3563396792583062,low,0.2242074978686842,0.327569311343911,weak,0.1891170896536896,0.2903795137618058,weak,0.609826880202615,0.0870280166343564,trending,0.7234439887983168,0.987638263272992,moderate,0.0,0.0,complete,26,LOW_LOW_LOW
3511,0.3888836368557478,0.3278512435569909,low,0.0839962651751222,0.1409858325731089,weak,0.1672931330165104,0.2163003387814115,weak,0.4986365352593822,0.2109332685251805,random,1.5985533861543335,1.6224496154206194,variable,0.0,0.0,complete,26,LOW_LOW_LOW
21509,0.3888528639381109,0.3233325188136853,low,0.0790705534584703,0.1173709941132317,weak,0.2158420077828003,0.1703189581866849,weak,0.7738375918034265,0.1503347419260853,trending,0.6091940772101412,0.5203899087109243,moderate,0.0,0.0,complete,26,LOW_LOW_LOW
9135,0.3887903997204957,0.3340893694986551,low,0.2058466436328888,0.256140460387922,weak,0.3432471471563504,0.2250925449430806,moderate,0.6447065617432596,0.1432567256195606,trending,0.5410199617759421,0.4819725259844825,moderate,0.0,0.0,complete,26,LOW_LOW_LOW
12952,0.3886893153900521,0.3683496464048842,low,0.2316550625922563,0.2784718649637807,weak,0.179599700855234,0.3011398913634924,weak,0.6068524230060689,0.2248299592911762,trending,0.7301741398630217,0.9921603222513508,moderate,0.0,0.0,complete,26,LOW_LOW_LOW
15871,0.3885991905393066,0.0580087068266814,low,0.0394220030145528,0.0309165908230756,weak,0.3764290469442884,0.0664065446389833,moderate,0.3553640213109974,0.1359676830694485,mean_reverting,0.4550147442162499,0.1816943946408594,stable,0.0,0.0,complete,26,LOW_LOW_LOW
5387,0.3884090111471104,0.3493234975180964,low,0.1544529166642157,0.16688488177601,weak,0.3613079992454037,0.313595519794502,moderate,0.6882754381774095,0.1651792890879667,trending,3.69011884746385,6.405647785992612,highly_variable,0.0,0.0,complete,26,LOW_LOW_LOW
286,0.3884028381956094,0.3157519257225002,low,0.0257516044590147,0.0206192401622236,weak,0.311667781953899,0.1892735252201577,moderate,0.6402508121234901,0.0702420471940924,trending,0.9876467920239694,0.7054562797951609,moderate,0.0,0.0,complete,26,LOW_LOW_LOW
424,0.3883894241061568,0.3838962368796679,low,0.2437395056757923,0.3813897651212701,weak,0.3581953197772791,0.365039804193366,moderate,0.6631740155349469,0.170452455895252,trending,2.5802915975453606,3.566222127287024,highly_variable,0.0,0.0,complete,26,LOW_LOW_LOW
17878,0.3883004353189694,0.3598615400827872,low,0.0799922106563778,0.0496736641529932,weak,0.3369024673851927,0.2968117563182849,moderate,0.6150668621522588,0.1936648032810888,trending,0.4577031107742103,0.3324994056500032,stable,0.0,0.0,complete,26,LOW_LOW_LOW
16002,0.3881304997690533,0.1080910681241425,low,0.029004967522275,0.0317955001274538,weak,0.2873244079275482,0.3002130528046766,weak,0.6950282497374699,0.074780660799572,trending,1.066102547826053,0.5808003174715772,variable,0.0,0.0,complete,26,LOW_LOW_LOW
15975,0.3880058376460166,0.1096576141064078,low,0.0271431519727789,0.0292485540290829,weak,0.295420370413692,0.2998012818336972,weak,0.6870556397283469,0.0731963177098378,trending,1.049457602049009,0.5371844466723038,variable,0.0,0.0,complete,26,LOW_LOW_LOW
5355,0.3879960363549652,0.3526703404089542,low,0.1821748330675618,0.2405503120274627,weak,0.3495001873359926,0.2959796181409949,moderate,0.6940779065597751,0.1892837507781199,trending,3.9185742614670263,6.889995401373803,highly_variable,0.0,0.0,complete,26,LOW_LOW_LOW
8339,0.3878826066556432,0.3227302605704552,low,0.0386343017032688,0.0403632916505502,weak,0.2475229369129826,0.1788492504966201,weak,0.6677210722453306,0.0965392230604091,trending,0.7977807009095162,0.6080543438608786,moderate,0.0,0.0,complete,26,LOW_LOW_LOW
8933,0.3878741097343502,0.3761109664363969,low,0.2155034036913311,0.380301943685468,weak,0.0974056775467409,0.0717344545033036,weak,0.5507982881060232,0.0524349429011943,random,1.1114677723292197,1.2166730095075426,variable,0.0,0.0,complete,26,LOW_LOW_LOW
15820,0.3878720822873888,0.3667852484055576,low,0.2376022582241828,0.3829663247374261,weak,0.2742734365062663,0.3848752626347946,weak,0.7099967633533437,0.1691934810345135,trending,0.872912300678717,0.6670231047209878,moderate,0.0,0.0,complete,26,LOW_LOW_LOW
763,0.3878503087873775,0.3544167915589496,low,0.2932608589903633,0.2887304076034447,weak,0.2422521412453745,0.286947506990619,weak,0.6308557210892507,0.0901885179484315,trending,2.722556505109788,3.949412148788791,highly_variable,0.0,0.0,complete,26,LOW_LOW_LOW
18013,0.3878152135633144,0.3272050671454039,low,0.1460080945248169,0.2523462585665224,weak,0.2978900665988611,0.3380590223076897,weak,0.8410390165397761,0.2052154808739887,trending,0.3248597728180166,0.3148591558273896,stable,0.0,0.0,complete,26,LOW_LOW_LOW
8417,0.3877746593256034,0.377383285746853,low,0.2737861160620277,0.3714374445530964,weak,0.1484030448413694,0.1574812350311462,weak,0.7603890431756126,0.2070995283723236,trending,1.0491047283001391,1.113083030197034,variable,0.0,0.0,complete,26,LOW_LOW_LOW
16001,0.3876410879598597,0.1089321383650776,low,0.0289467675633884,0.031904691745518,weak,0.2883492122116107,0.2990236960772936,weak,0.6944438534653206,0.0758547931183826,trending,1.064301267408638,0.5790944029310864,variable,0.0,0.0,complete,26,LOW_LOW_LOW
5037,0.3876008490634334,0.3521098677825174,low,0.2137302176929068,0.3264773591011977,weak,0.1306619265680806,0.1866732426324128,weak,0.7236720430634644,0.1900839203917485,trending,1.0327886225988911,1.1575325349383114,variable,0.0,0.0,complete,26,LOW_LOW_LOW
20030,0.3871436152601668,0.3093194313920825,low,0.0132424574294683,0.0259865807565118,weak,0.1556636892950465,0.2262616929597473,weak,0.6711558826328888,0.1869793301768772,trending,1.1722571666471566,1.1206727802187555,variable,0.0,0.0,complete,26,LOW_LOW_LOW
5623,0.3869839720366296,0.3338592482197461,low,0.0300057395016707,0.0444453093567159,weak,0.2883729330885123,0.1791902784688129,weak,0.7139970754003501,0.1620609346333849,trending,0.5167730334932198,0.464374113195258,moderate,0.0,0.0,complete,26,LOW_LOW_LOW
12314,0.386835041375337,0.3280208535812207,low,0.1139240049117398,0.0941577182817816,weak,0.3539373764453032,0.2719854798754024,moderate,0.6677113698928479,0.0940987604227685,trending,0.4283641181264764,0.3558205688162838,stable,0.0,0.0,complete,26,LOW_LOW_LOW
8151,0.3867351676188276,0.3341191701143052,low,0.3284912533796575,0.2348345475767282,moderate,0.1763420336286763,0.1461184654690258,weak,0.6546052168367789,0.1218761203058918,trending,0.6252033955042982,0.9549799331306515,moderate,0.0,0.0,complete,26,LOW_LOW_LOW
11608,0.3866225085628703,0.3430719720802457,low,0.0423116472628698,0.0324826534125208,weak,0.2913470788825558,0.314508855630266,weak,0.6719344589278438,0.1236980700481117,trending,0.8959433008381865,0.8640414892560816,moderate,0.0,0.0,complete,26,LOW_LOW_LOW
11219,0.3864881671017544,0.3417651073223365,low,0.0575355631811602,0.0360087451995287,weak,0.3459464569756264,0.3551872971388347,moderate,0.6913867074540543,0.1737875628099418,trending,0.4599478588982249,0.5557127488423754,stable,0.0,0.0,complete,26,LOW_LOW_LOW
21180,0.3864359115674267,0.3071264796626716,low,0.0376507722676221,0.0335082350976749,weak,0.3772881462030866,0.3284868464418896,moderate,0.7439625662040354,0.2179123762635535,trending,0.3658108430327928,0.4516868024224216,stable,0.0,0.0,complete,26,LOW_LOW_LOW
15848,0.3862362664247286,0.3370063503058088,low,0.0327221632490302,0.0529174522332363,weak,0.2169593318426926,0.283884937436809,weak,0.5510387842041439,0.0664472497035023,random,0.841566814917519,0.8310466665234252,moderate,0.0,0.0,complete,26,LOW_LOW_LOW
499,0.3862034918330257,0.0415720842609175,low,0.0,0.0,weak,0.1638332515329358,0.0840988442826189,weak,0.3291506616649042,0.0753012560863689,mean_reverting,0.8676120525701618,0.2434796120240788,moderate,0.0,0.0,complete,26,LOW_LOW_LOW
13682,0.3861377286408186,0.1279133495517705,low,0.1876656158597953,0.3032493117702191,weak,0.3865490588772833,0.0249769372635419,moderate,0.613297015097851,0.0431837308742839,trending,0.951971845272144,0.466738282616149,moderate,0.0,0.0,complete,26,LOW_LOW_LOW
5514,0.3861354626048075,0.325767446117955,low,0.1744558172943698,0.1860561971530194,weak,0.3410692926719397,0.2903630492667758,moderate,0.7701250548442362,0.1629172605339552,trending,2.1255454339222486,1.9389939022137197,highly_variable,0.0,0.0,complete,26,LOW_LOW_LOW
11907,0.3860462782189121,0.3183410078212517,low,0.0683717692462524,0.0494322243970333,weak,0.3193109162186819,0.2299885521776467,moderate,0.6359164933236483,0.0983771534482004,trending,0.1216450058181435,0.062218037971579,stable,0.0,0.0,complete,26,LOW_LOW_LOW
882,0.3860172322226535,0.3287055778261408,low,0.1225918904199452,0.1797463496365436,weak,0.3460921272678144,0.2844012996014701,moderate,0.7691829646792017,0.1553089119174583,trending,0.9386816226904356,0.9289514909402486,moderate,0.0,0.0,complete,26,LOW_LOW_LOW
2860,0.3859461807431126,0.3252619221119501,low,0.1782695840362848,0.2335770774730714,weak,0.3662518531338351,0.4092474842592237,moderate,0.7489768596872329,0.1890683252303109,trending,0.590242877496627,0.8580572947377865,moderate,0.0,0.0,complete,26,LOW_LOW_LOW
15977,0.3859065115972503,0.1171570825692644,low,0.0233292878347715,0.0230037269158706,weak,0.3001412454683206,0.3049226886048642,moderate,0.6959866797024387,0.0772709872781264,trending,1.050444721702446,0.5505081414513731,variable,0.0,0.0,complete,26,LOW_LOW_LOW
495,0.3858389280485351,0.0899853428254829,low,0.0048756224046883,0.0097512448093767,weak,0.3441961104742199,0.0498615986701364,moderate,0.5687403837544021,0.0517615988402041,random,0.6100387346294001,0.2030113813917452,moderate,0.0,0.0,complete,26,LOW_LOW_LOW
3387,0.3858379051328942,0.3253549469898011,low,0.1168318717644204,0.1206345919645127,weak,0.2779713510091853,0.2575972992098171,weak,0.6546119164473672,0.0805794330141658,trending,0.708452433397953,0.6687155642828864,moderate,0.0,0.0,complete,26,LOW_LOW_LOW
8679,0.3858263805349964,0.3202493544974791,low,0.0104891406060648,0.0173493626016059,weak,0.0171633063832575,0.009956738540765,weak,0.5621014048621735,0.0802754649767008,random,0.865237229584918,0.5795332697429548,moderate,0.0,0.0,complete,26,LOW_LOW_LOW
11493,0.3853352428660279,0.3109893656137567,low,0.0154759224949117,0.0087618302443127,weak,0.0050026913330478,0.0100053826660957,weak,0.504572660902873,0.0803148757409802,random,1.900717618871488,1.9551239012499124,variable,0.0,0.0,complete,26,LOW_LOW_LOW
9708,0.3853134122732587,0.3238036367052272,low,0.1652845186772451,0.259125720227497,weak,0.1282569296289901,0.1029790335960482,weak,0.7572285156222558,0.1326186265322589,trending,0.2257737633346552,0.1512062621281316,stable,0.0,0.0,complete,26,LOW_LOW_LOW
8648,0.385267012185106,0.3089259455170665,low,0.1098097461127513,0.0644547149081884,weak,0.3919313899803673,0.2217376515826002,moderate,0.6234122053630893,0.1061717773436702,trending,0.6321580873961722,0.3926243734550007,moderate,0.0,0.0,complete,26,LOW_LOW_LOW
20064,0.3852182065264581,0.3560246787407486,low,0.3420766292904703,0.3331182304709761,moderate,0.1194139062146076,0.0991423454142511,weak,0.7159210803824105,0.1721198203342686,trending,2.0395680933314213,1.7313577188231306,highly_variable,0.0,0.0,complete,26,LOW_LOW_LOW
20047,0.3851402588931324,0.1538420309926293,low,0.0388150035232107,0.0599366850923467,weak,0.0581830721051693,0.0658717437665834,weak,0.4925173182431098,0.2033343721639597,random,1.8729560820139863,0.9687804626237376,variable,0.0,0.0,complete,26,LOW_LOW_LOW
18290,0.3851002580431523,0.1281372155848918,low,0.0047354785692524,0.0094709571385049,weak,0.371465012273335,0.1557767731366935,moderate,0.6102264169843965,0.0436479620266681,trending,1.0110136123394304,0.3822780988738303,variable,0.0,0.0,complete,26,LOW_LOW_LOW
21201,0.3850796174520643,0.3091301422785102,low,0.0260194551201026,0.0216255110369545,weak,0.339077252927121,0.2787491633354572,moderate,0.7290294279074375,0.2093255580077984,trending,0.3775234001245933,0.4669777323702605,stable,0.0,0.0,complete,26,LOW_LOW_LOW
8937,0.3850661351806915,0.3789292792068116,low,0.2180754890654295,0.3787549352198447,weak,0.0941295157372537,0.1084679119644447,weak,0.6541154133517931,0.1243290279997578,trending,1.1625264041883396,1.2606624293362676,variable,0.0,0.0,complete,26,LOW_LOW_LOW
21181,0.3849797782195755,0.3177534837708878,low,0.0473261071585104,0.0407745321930681,weak,0.3558810038058557,0.3246007663432368,moderate,0.7260738586740396,0.2623925372841866,trending,0.3813920961622119,0.4488037708850128,stable,0.0,0.0,complete,26,LOW_LOW_LOW
17393,0.7333268280678308,0.1724984866939272,medium,0.8988113055839018,0.1618646762419832,strong,0.0816552939258517,0.0758777099920743,weak,0.6821756571821074,0.1563380058812559,trending,0.561046364792045,0.1831867252077615,moderate,0.0,0.0,complete,18,LOW_HIGH_HIGH
21390,0.6643712907127953,0.2374612026945307,medium,0.6445137417719933,0.4021222696527358,strong,0.3629876860486375,0.3961005144881075,moderate,0.817120023011818,0.1881372117518462,trending,0.6746117012615186,0.8143478427332677,moderate,0.0,0.0,complete,18,LOW_HIGH_HIGH
4687,0.6642635430651623,0.2865572392701602,medium,0.654239456459249,0.36602941707929,strong,0.3717419628566839,0.3897993916522069,moderate,0.5950534200593385,0.1732415074880997,random,0.5526265302445518,0.350229705536156,moderate,0.0,0.0,complete,18,LOW_HIGH_HIGH
11310,0.6615802019001336,0.3229567989530279,medium,0.4042024827703547,0.4314921232649562,moderate,0.1507661272269399,0.1816191198742553,weak,0.669128225725762,0.2420584608428217,trending,0.4495525953463065,0.4664695190146972,stable,0.0,0.0,complete,18,LOW_HIGH_HIGH
14460,0.6546994000074674,0.3162638436240688,medium,0.5967322340483683,0.4763202943493526,moderate,0.2874833370484759,0.3685093410494111,weak,0.6912949343222962,0.1568477255583582,trending,1.064970941801874,0.7877705603733792,variable,0.0,0.0,complete,18,LOW_HIGH_HIGH
11303,0.6484920378071999,0.3325799687859258,medium,0.4101561422735103,0.4155486776630953,moderate,0.0415216705871457,0.0463397262950407,weak,0.5890934455129668,0.1588304168599266,random,0.1888767259254075,0.1587234831979534,stable,0.0,0.0,complete,18,LOW_HIGH_HIGH
11301,0.6453338521899454,0.3333068102845494,medium,0.4013459858102518,0.415409666621683,moderate,0.058106046816789,0.0539304475734775,weak,0.6395655798810953,0.1171252089483362,trending,0.1751204762358431,0.1540049963915314,stable,0.0,0.0,complete,18,LOW_HIGH_HIGH
16811,0.6393836712264818,0.1179220488044206,medium,0.8346969185770725,0.1311544956147725,strong,0.31315228926572,0.2111003840998102,moderate,1.0,0.0,trending,0.7537776548719047,0.1402448061355763,moderate,0.0,0.0,complete,18,LOW_HIGH_HIGH
6117,0.6348449117220955,0.3325915882787986,medium,0.4081202872993124,0.3868000006618626,moderate,0.0188766406795182,0.0171237693988101,weak,0.6088961535372609,0.1474854247226844,trending,0.505062909611937,0.5209589344940747,moderate,0.0,0.0,complete,18,LOW_HIGH_HIGH
11579,0.633949901809717,0.3272733736574584,medium,0.5436420804735435,0.4458504829016363,moderate,0.1555009635408895,0.2089996076875523,weak,0.5243447011750437,0.177438468874729,random,2.761990808905627,4.336974145953198,highly_variable,0.0,0.0,complete,18,LOW_HIGH_HIGH
16810,0.6307338839487373,0.3225708112982287,medium,0.6083634583225445,0.4405933055436832,strong,0.2907859696044537,0.3674921729918167,weak,0.7386358474703931,0.2295330030588394,trending,1.1322846263821271,1.010164563907396,variable,0.0,0.0,complete,18,LOW_HIGH_HIGH
21039,0.6263972871690386,0.3366439035233963,medium,0.4350474248483346,0.384362867349152,moderate,0.2079728526286027,0.1874392257403387,weak,0.7587408239308219,0.2242891170163156,trending,0.1138170754367866,0.0955620845309741,stable,0.0,0.0,complete,18,LOW_HIGH_HIGH
21032,0.6083579287327148,0.343473499617521,medium,0.4173818537078885,0.3711968464392199,moderate,0.195950702807897,0.17039152058553,weak,0.7722468842177213,0.2279905599571762,trending,0.1207461820983223,0.1008352496934403,stable,0.0,0.0,complete,18,LOW_HIGH_HIGH
10345,0.5970377191869735,0.2723193993927504,medium,0.6237937305259658,0.431478785570442,strong,0.3976107832847127,0.2785823327541916,moderate,0.8145076168976345,0.2063285686343179,trending,0.8045364055982898,0.2318068295981114,moderate,0.0,0.0,complete,18,LOW_HIGH_HIGH
4741,0.5920321750661851,0.2768914999820882,medium,0.567388447318465,0.4565605575241309,moderate,0.3681963886034189,0.3797578492014296,moderate,0.689643178964201,0.2213931895816405,trending,0.6520908726395234,0.8224191797818142,moderate,0.0,0.0,complete,18,LOW_HIGH_HIGH
21608,0.5854335179881277,0.3833574623379205,medium,0.4195509040435285,0.362146282860208,moderate,0.1499406357883933,0.2638027420808846,weak,0.505201112558672,0.1165877685725208,random,3.547764785396416,6.501491507010599,highly_variable,0.0,0.0,complete,18,LOW_HIGH_HIGH
9485,0.5838499687502038,0.2798660277000721,medium,0.5478457461919788,0.4416729329986905,moderate,0.2481321374569461,0.1770645679599917,weak,0.7900862682036266,0.1646476480155435,trending,1.1958635926501628,0.9342291495151368,variable,0.0,0.0,complete,18,LOW_HIGH_HIGH
19502,0.5809089016658258,0.379100941735228,medium,0.5551778979503348,0.4550722758370902,moderate,0.3318178241783857,0.2575014385619799,moderate,0.8063437052709794,0.2093200860867907,trending,5.124420193006879,8.73417485886089,highly_variable,0.0,0.0,complete,18,LOW_HIGH_HIGH
759,0.5748891920471727,0.3131364824278283,medium,0.6005338475106804,0.4365221379703332,strong,0.0903378437257834,0.0497756739777895,weak,0.7037057782439821,0.1067983437243715,trending,2.546254250074694,2.658350105445185,highly_variable,0.0,0.0,complete,18,LOW_HIGH_HIGH
4008,0.5677660925481317,0.220097680535656,medium,0.5396483242171387,0.2831556780718566,moderate,0.128704356240254,0.089831589867547,weak,0.6789120436765074,0.1390454367196077,trending,0.7077888092504593,0.4058494017776055,moderate,0.0,0.0,complete,18,LOW_HIGH_HIGH
4011,0.5676756651940488,0.2192113369057097,medium,0.534931617875766,0.2798331299740811,moderate,0.1116226949264053,0.0762531161463106,weak,0.5818920005170888,0.1430396526584283,random,0.7352531838907741,0.393828091861562,moderate,0.0,0.0,complete,18,LOW_HIGH_HIGH
17946,0.5655273464544124,0.3936507671804462,medium,0.458855320178732,0.4412074505483432,moderate,0.2377572715527154,0.2954758904522671,weak,0.7384582362855182,0.2186019024998013,trending,0.8196172978103995,0.6406571492610339,moderate,0.0,0.0,complete,18,LOW_HIGH_HIGH
21415,0.5497268360509523,0.2767847187497941,medium,0.5751891638398638,0.3364531893955633,moderate,0.3607595820414807,0.307370256140384,moderate,0.7994493026727215,0.2456249813568484,trending,0.5885490520263952,0.8615438411163812,moderate,0.0,0.0,complete,18,LOW_HIGH_HIGH
13361,0.5464011773417891,0.1675917981441776,medium,0.8441956280017375,0.2035473528025869,strong,0.1069052003320763,0.108416949017606,weak,0.7367490446006713,0.051122677033559,trending,1.4917254691397417,0.7890506567504906,variable,0.0,0.0,complete,18,LOW_HIGH_HIGH
4007,0.5446109867106976,0.2307498260193047,medium,0.4925974043537302,0.2570050877490525,moderate,0.1060932228552768,0.0644118349635095,weak,0.6091741912585656,0.1242860913389607,trending,0.6808914038345664,0.4003479148031303,moderate,0.0,0.0,complete,18,LOW_HIGH_HIGH
4010,0.542053042124844,0.2359408165812331,medium,0.5058343275257133,0.2721523113764653,moderate,0.104612119717691,0.0629416973243278,weak,0.5735208423676652,0.1239115302949407,random,0.7506778681193162,0.4059968369177637,moderate,0.0,0.0,complete,18,LOW_HIGH_HIGH
983,0.5381678847581073,0.4392194927715107,medium,0.4218793528092563,0.4610981002950192,moderate,0.3024572166851684,0.3892428396234259,moderate,0.7202040109434338,0.2269081484968276,trending,5.533727460784001,9.830387745810388,highly_variable,0.0,0.0,complete,18,LOW_HIGH_HIGH
4009,0.5378898482129439,0.2344078973537184,medium,0.5062354547500805,0.2587172901334356,moderate,0.169822811790581,0.1206989691277628,weak,0.6860538731897808,0.1628280856197581,trending,0.8010749461432752,0.4344520394049597,moderate,0.0,0.0,complete,18,LOW_HIGH_HIGH
9286,0.5356707829544983,0.2380020031802726,medium,0.514200682081161,0.2712365176299497,moderate,0.1480678282924032,0.1582898222686019,weak,0.7531636542233838,0.1969443610477313,trending,0.4413200030995732,0.3154360571792839,stable,0.0,0.0,complete,18,LOW_HIGH_HIGH
12990,0.5329039665775045,0.2470120146639832,medium,0.7875423218135028,0.3671126189726962,strong,0.1167114733797682,0.124219869292049,weak,0.6182765989669761,0.2062302191163286,trending,2.149680896603541,1.200274568485025,highly_variable,0.0,0.0,complete,18,LOW_HIGH_HIGH
7774,0.5249512679566857,0.2851823759574586,medium,0.5245047519094533,0.358856319333947,moderate,0.2354097806071572,0.1271235822741693,weak,0.8444931712870456,0.1903708745806816,trending,0.1966469170119804,0.135966252590194,stable,0.0,0.0,complete,18,LOW_HIGH_HIGH
1422,0.524049046553146,0.3891305781471595,medium,0.4703337152454019,0.4257206872140099,moderate,0.2351051812270392,0.2700879136616203,weak,0.7568986391135644,0.2052230544180354,trending,0.3227314216224334,0.2691101560075681,stable,0.0,0.0,complete,18,LOW_HIGH_HIGH
20356,0.5212454206643373,0.2332831737350973,medium,0.7174921946424282,0.281623726513335,strong,0.1636889367174739,0.1050407122492889,weak,0.6962909193957391,0.1233485448559128,trending,0.9236288520044896,0.7925343096909087,moderate,0.0,0.0,complete,18,LOW_HIGH_HIGH
16753,0.5194756188569862,0.1968260422283686,medium,0.6733186146921344,0.2851481205244973,strong,0.1883838353717674,0.1839137279988677,weak,0.7487106869216988,0.2217611378454597,trending,0.5340591457347399,0.2552877637209049,moderate,0.0,0.0,complete,18,LOW_HIGH_HIGH
7724,0.5184339786404679,0.2398946193859981,medium,0.7904994345398795,0.3520891637440667,strong,0.2001062405462458,0.1303359000279573,weak,0.9192961329054528,0.0471923882861649,trending,1.9732060372924076,0.6485780171165715,variable,0.0,0.0,complete,18,LOW_HIGH_HIGH
4427,0.5176087989205445,0.1379646871671653,medium,0.4514354474568356,0.3865780131022905,moderate,0.2772623693215415,0.2355464218027056,weak,0.7873102865641595,0.2264202343393113,trending,1.045331136484309,0.4672563753516375,variable,0.0,0.0,complete,18,LOW_HIGH_HIGH
108877,0.5164577005116808,0.3074490759454049,medium,0.7836656850633396,0.3182284708074694,strong,0.3695209250037671,0.338968837831792,moderate,0.8956322333489826,0.0988740958412553,trending,1.3900637500847652,0.9231671706739564,variable,0.0,0.0,complete,18,LOW_HIGH_HIGH
106633,0.5145199033767577,0.0478345302831497,medium,0.895074404488366,0.0272678140937407,strong,0.3814330771789634,0.1310658501679569,moderate,0.875949721444649,0.1167824087178008,trending,0.6888738130759402,0.1273469598692923,moderate,0.0,0.0,complete,18,LOW_HIGH_HIGH
108878,0.5117942168401175,0.3081768244394953,medium,0.7799504436087832,0.3151229212463668,strong,0.3495676277277543,0.3421280819032594,moderate,0.8547433684315251,0.0861623457826732,trending,1.3558706661577904,0.9271654820837856,variable,0.0,0.0,complete,18,LOW_HIGH_HIGH
7173,0.5098646862007795,0.3748463679275901,medium,0.617844156583161,0.4131567602291338,strong,0.260772817279282,0.3754472201418833,weak,0.6470399301739085,0.1193491438429228,trending,0.8165131725927338,0.9526142396815096,moderate,0.0,0.0,complete,18,LOW_HIGH_HIGH
7725,0.4997204726673027,0.2282050708668797,low,0.7646096957151287,0.338457770141414,strong,0.1483365649463834,0.1312684584485248,weak,0.8606229304885484,0.1190095946845613,trending,1.9561204502731928,0.774978133740531,variable,0.0,0.0,complete,18,LOW_HIGH_HIGH
18018,0.4996132575192445,0.361022950435068,low,0.4086770292051375,0.4043184793474182,moderate,0.1111943434682039,0.1481389980882247,weak,0.6977371158442398,0.1828688725107775,trending,1.338911881890969,1.2240289705710254,variable,0.0,0.0,complete,18,LOW_HIGH_HIGH
13937,0.4934369143102725,0.2456907553352116,low,0.6637480191170313,0.379411035518363,strong,0.3670247823872666,0.2859207547122865,moderate,0.7402435136163478,0.2483781821120468,trending,1.344902022215929,1.1630560797333234,variable,0.0,0.0,complete,18,LOW_HIGH_HIGH
16739,0.4917009356777688,0.2462768273518296,low,0.5774058464755282,0.3789661988281304,moderate,0.3830460654116706,0.3177049686095022,moderate,0.9109429826861888,0.139798081662771,trending,0.8944487347534391,0.8596002086677121,moderate,0.0,0.0,complete,18,LOW_HIGH_HIGH
18246,0.4875650790042019,0.0914168500435308,low,0.5743606987306867,0.3887412900847428,moderate,0.2974935420744088,0.1782395116865179,weak,0.6223924512163036,0.0620679940227346,trending,0.993149309912031,0.7463506086640281,moderate,0.0,0.0,complete,18,LOW_HIGH_HIGH
106632,0.4837519332491264,0.0416197799591421,low,0.8889730610954236,0.0387383392378055,strong,0.3706855939723165,0.1877852526812185,moderate,0.8902864935234367,0.1053521289339682,trending,0.6501550330049833,0.1187510086915528,moderate,0.0,0.0,complete,18,LOW_HIGH_HIGH
103709,0.4731632272385735,0.2641372200712911,low,0.6434180137143215,0.1792809884788442,strong,0.3012146689834309,0.3504107279977536,moderate,0.6317786643366211,0.0954783036954284,trending,1.1994775122313492,0.7054402180971766,variable,0.0,0.0,complete,18,LOW_HIGH_HIGH
103677,0.472276537967523,0.2644641844033328,low,0.644851374257866,0.1784373434012739,strong,0.3015393081793261,0.3499864626931482,moderate,0.6200693137183019,0.078437344193866,trending,1.2117494755988596,0.6969559801804872,variable,0.0,0.0,complete,18,LOW_HIGH_HIGH
103676,0.4707795860233276,0.265506008489232,low,0.6446326558003815,0.1791482136911963,strong,0.303709800875672,0.3492242192653629,moderate,0.636432534139472,0.0920030308343749,trending,1.207301672301037,0.7032869764965066,variable,0.0,0.0,complete,18,LOW_HIGH_HIGH
103674,0.470650159965121,0.2655309770881126,low,0.6430761792243842,0.1796077932652295,strong,0.2957885177962522,0.3525424218046333,weak,0.6200152482775743,0.0843301530580747,trending,1.2059818825550777,0.7008382789829701,variable,0.0,0.0,complete,18,LOW_HIGH_HIGH
103675,0.4706433049812601,0.2655758270428542,low,0.6413504332954958,0.1804603067028883,strong,0.3007302162662703,0.3507264348206374,moderate,0.6510524103140577,0.1020403205194419,trending,1.205980169813261,0.7041824048468044,variable,0.0,0.0,complete,18,LOW_HIGH_HIGH
104366,0.469516232121474,0.2783988669171446,low,0.5696936642606693,0.2239900197864272,moderate,0.3674581609332742,0.317497066631069,moderate,0.7854099378485699,0.0685070231411794,trending,0.9163187142312024,0.4953259388021473,moderate,0.0,0.0,complete,18,LOW_HIGH_HIGH
112053,0.4689093229902175,0.2790042428584217,low,0.687369433967484,0.170534573462639,strong,0.3710028183154287,0.3279537299744493,moderate,0.724248576900514,0.0833372924751038,trending,1.340074306098451,1.1896287087982511,variable,0.0,0.0,complete,18,LOW_HIGH_HIGH
104365,0.4665058733171482,0.2786244321778473,low,0.5643568446899639,0.2261431417426814,moderate,0.3668154059183207,0.3170728368296319,moderate,0.790233455151268,0.0403987236970554,trending,0.9000377038207421,0.5025985949232387,moderate,0.0,0.0,complete,18,LOW_HIGH_HIGH
103678,0.4655231063367869,0.2685428549953932,low,0.6446711196777519,0.1789514901995622,strong,0.3080753670124592,0.3473184195025421,moderate,0.6484083703403427,0.0931989658712825,trending,1.2242210990840454,0.7124490671053584,variable,0.0,0.0,complete,18,LOW_HIGH_HIGH
103673,0.4649431001724906,0.2694164262226451,low,0.6410912543741627,0.1816108292493807,strong,0.2998763040899747,0.3502690930751813,weak,0.6566339661680103,0.1179940808611735,trending,1.2321662048460391,0.7234516433376362,variable,0.0,0.0,complete,18,LOW_HIGH_HIGH
105556,0.4647173203295999,0.2701361956463077,low,0.6755340420216057,0.1644965580777745,strong,0.3932240723770068,0.3284374254775341,moderate,0.8787659837704779,0.1157136483038849,trending,1.6940715172536502,1.431732373556836,variable,0.0,0.0,complete,18,LOW_HIGH_HIGH
105558,0.4638204101225548,0.2708496346232319,low,0.6841564250288779,0.1626913834311535,strong,0.3943681807497913,0.3301588714674203,moderate,0.8519340406546938,0.1458018192136803,trending,1.700892975475646,1.429104456985411,variable,0.0,0.0,complete,18,LOW_HIGH_HIGH
105555,0.4637939161985566,0.2709044302017052,low,0.6772111108747,0.1627778952414001,strong,0.3934986374499155,0.3304772110671184,moderate,0.8765411588534213,0.1181089517262678,trending,1.6961140679316735,1.4526663550220609,variable,0.0,0.0,complete,18,LOW_HIGH_HIGH
112069,0.4636996354600795,0.2818633589186239,low,0.6724157648799608,0.1744407144123478,strong,0.3665424044853938,0.3309861316635306,moderate,0.7366771000602912,0.0800961171983905,trending,1.3531680787094642,1.1914783313846322,variable,0.0,0.0,complete,18,LOW_HIGH_HIGH
105557,0.4630328669542495,0.2713252260713978,low,0.6799807812374283,0.1651809044437882,strong,0.3957389175509834,0.3286555969741742,moderate,0.8686213425473562,0.1247885980799075,trending,1.7136260900602778,1.471151871371463,variable,0.0,0.0,complete,18,LOW_HIGH_HIGH
105559,0.462554130004485,0.2724246790711312,low,0.6660585159814667,0.1680385445040796,strong,0.3767379530747867,0.3397287764382508,moderate,0.8725778954118371,0.1274791914421592,trending,1.7389321336498154,1.4005817040479775,variable,0.0,0.0,complete,18,LOW_HIGH_HIGH
105560,0.461884070362703,0.2725956990182624,low,0.6743570454472061,0.1675495058645957,strong,0.385722845763672,0.3402772789375694,moderate,0.8764183343223705,0.1199354843815688,trending,1.7094734314424944,1.3688763784789877,variable,0.0,0.0,complete,18,LOW_HIGH_HIGH
106634,0.4614263626010579,0.0501353390344582,low,0.8621039703721516,0.0419449870816694,strong,0.3569270631139123,0.1939203528879663,moderate,0.889475699450567,0.1075174594561483,trending,0.6805136141744079,0.153022824375869,moderate,0.0,0.0,complete,18,LOW_HIGH_HIGH
102575,0.4566496689047573,0.0954022821338916,low,0.8878218496416534,0.1445734658999376,strong,0.23692025951009,0.093512272988193,weak,0.7697266583570354,0.1574506190489534,trending,1.322055617540431,0.4650815319975818,variable,0.0,0.0,complete,18,LOW_HIGH_HIGH
111872,0.456196946099451,0.0391724997662339,low,0.9438982039766668,0.0203882173848849,strong,0.3712413533449411,0.2697556893457545,moderate,0.9125972773452482,0.1382527724114033,trending,0.8462990543746709,0.2400464863388631,moderate,0.0,0.0,complete,18,LOW_HIGH_HIGH
1023,0.4545789789346693,0.1831770520305879,low,0.6997827354263768,0.3156784546717776,strong,0.0040166539803847,0.0025722643780298,weak,0.5010771207897052,0.0343065647231086,random,2.081366455078963,0.705242220603468,highly_variable,0.0,0.0,complete,18,LOW_HIGH_HIGH
15030,0.4541167061775548,0.3394364524940268,low,0.4410739204843331,0.4447152930393092,moderate,0.2518954520390913,0.3846443219497749,weak,0.6290242255792625,0.1214270029499031,trending,3.813341159066566,5.304707398868145,highly_variable,0.0,0.0,complete,18,LOW_HIGH_HIGH
112058,0.4540792716378374,0.2942570221017772,low,0.5923459854583208,0.2313820402602004,moderate,0.3816183733622009,0.316828295568222,moderate,0.6669336659513082,0.0597508533552114,trending,0.9254073321107802,0.5238572000578146,moderate,0.0,0.0,complete,18,LOW_HIGH_HIGH
11315,0.4526403295805055,0.2457771709696761,low,0.6743954601987983,0.2625059792453317,strong,0.1767038379962479,0.1680059225851271,weak,0.809255933255115,0.1593496210461823,trending,1.9846998336158288,1.432940457249774,variable,0.0,0.0,complete,18,LOW_HIGH_HIGH
105562,0.4524906864763769,0.2799086181878457,low,0.6633417566428241,0.1702728247631848,strong,0.392114788596841,0.3317725035387148,moderate,0.8863048375023987,0.1148911902149597,trending,1.8407895176379667,1.528511465494472,variable,0.0,0.0,complete,18,LOW_HIGH_HIGH
10120,0.4513975024430013,0.2426856869554469,low,0.4894085458132838,0.3860563118055642,moderate,0.3669107207992372,0.3586780295011121,moderate,0.8992221093665946,0.1508400901467593,trending,1.311152712644336,1.332690692677279,variable,0.0,0.0,complete,18,LOW_HIGH_HIGH
111875,0.4508986129584341,0.0378625595484903,low,0.9383686967169732,0.0268006039633157,strong,0.3663911895282871,0.2699998515211275,moderate,0.9217108413900232,0.1171073359744554,trending,0.8729974587239152,0.2442852265220267,moderate,0.0,0.0,complete,18,LOW_HIGH_HIGH
111874,0.4504518188592271,0.0470555918532641,low,0.9392445142359666,0.0267049857282771,strong,0.3805036545301383,0.2822282891639964,moderate,0.9189485262312942,0.1340835613976166,trending,0.8448957570686737,0.2388912656040934,moderate,0.0,0.0,complete,18,LOW_HIGH_HIGH
3094,0.4495375095782535,0.4523239484177517,low,0.4577365892665632,0.4195205948386536,moderate,0.2958703343964883,0.3773296360764246,weak,0.6604796300686905,0.1829095823015391,trending,6.599612765529981,13.07274596222616,highly_variable,0.0,0.0,complete,18,LOW_HIGH_HIGH
111876,0.4492719846957188,0.0439245395297426,low,0.9377073072144402,0.0224269155964417,strong,0.3605368664801812,0.2749324387123097,moderate,0.9141611234022056,0.125208382785995,trending,0.8445466118210121,0.250518876591727,moderate,0.0,0.0,complete,18,LOW_HIGH_HIGH
102754,0.4489221316246284,0.1392367184535131,low,0.8378690014101766,0.1556406295364109,strong,0.3825806473199231,0.2802591977311537,moderate,0.8717831414456031,0.1153698273602191,trending,0.9344603414459896,0.3800393461104382,moderate,0.0,0.0,complete,18,LOW_HIGH_HIGH
112059,0.4482905782183028,0.2961538752326726,low,0.579951188750729,0.2388585485444813,moderate,0.3822230876074779,0.3168324787604613,moderate,0.6828551350745976,0.074682513545464,trending,0.942949481361506,0.5352740299586571,moderate,0.0,0.0,complete,18,LOW_HIGH_HIGH
9655,0.4469566245816684,0.3481397111027654,low,0.5899769721594271,0.406961111420445,moderate,0.0824804843293158,0.0355099061952367,weak,0.7706849963240567,0.0750978479986506,trending,1.3216050917588489,1.290557893485356,variable,0.0,0.0,complete,18,LOW_HIGH_HIGH
105126,0.4455835339436859,0.2827947166648483,low,0.8059959063766058,0.2063308869588801,strong,0.3921165677788019,0.3228508396835721,moderate,0.8266012407539776,0.131634292803751,trending,2.299531114156945,1.9193872192093653,highly_variable,0.0,0.0,complete,18,LOW_HIGH_HIGH
13957,0.4434483842449953,0.3099580629874458,low,0.6713872243389416,0.4128815891641435,strong,0.2612864205296517,0.3659023464649817,weak,0.6028628880955911,0.2392410509384502,trending,1.408082020510247,1.2419927107849211,variable,0.0,0.0,complete,18,LOW_HIGH_HIGH
191,0.4428189246021087,0.3447777233737374,low,0.4637952118679856,0.426958216363252,moderate,0.2391556355067429,0.2939994346596926,weak,0.6650895217179278,0.1071860190266548,trending,0.8136810502585791,0.6709803195696239,moderate,0.0,0.0,complete,18,LOW_HIGH_HIGH
20007,0.4420948857992866,0.2982238684130606,low,0.4859758216233263,0.3680679122679943,moderate,0.2623323132731766,0.1381338118369779,weak,0.7763367642897924,0.1806695519415209,trending,1.0990545532412013,0.946347568073272,variable,0.0,0.0,complete,18,LOW_HIGH_HIGH
100445,0.44120322333883,0.2795476398502091,low,0.6411688894409605,0.1835574245681497,strong,0.2975744282532994,0.3532293027880251,weak,0.7353563630554508,0.1310518550000869,trending,1.5084530535911291,0.9908490274038638,variable,0.0,0.0,complete,18,LOW_HIGH_HIGH
111871,0.4405763233395618,0.0282219752397407,low,0.935282966887943,0.02366617393927,strong,0.3148466778890204,0.2398303402972983,moderate,0.8995853948787005,0.123300287671121,trending,0.8620653580739512,0.2451455939886021,moderate,0.0,0.0,complete,18,LOW_HIGH_HIGH
112056,0.4391835504648065,0.3070529048384773,low,0.6354312060377799,0.1833646609849097,strong,0.3747243365011038,0.3233151058697988,moderate,0.6699969604420732,0.088002931190285,trending,1.2606691117307085,1.0295206237245949,variable,0.0,0.0,complete,18,LOW_HIGH_HIGH
109241,0.439134033290616,0.0549496593417566,low,0.7033054181319316,0.1540599777462764,strong,0.324620544162301,0.1038028669588014,moderate,0.93383256474843,0.0395579923531887,trending,0.631846656185036,0.3428442926038712,moderate,0.0,0.0,complete,18,LOW_HIGH_HIGH
288,0.4380509474876956,0.3414083218646688,low,0.413342802178077,0.3697241761637138,moderate,0.09171116379028,0.0834445029569588,weak,0.7016549442948026,0.147380268963548,trending,0.914137486717314,0.763787014392554,moderate,0.0,0.0,complete,18,LOW_HIGH_HIGH
110829,0.4365093657116659,0.2053229952328745,low,0.7333781836314957,0.1877212137056409,strong,0.3777670319124894,0.1740597390990522,moderate,0.8748113883762046,0.0592830849684403,trending,0.6002705708840617,0.122458811824421,moderate,0.0,0.0,complete,18,LOW_HIGH_HIGH
112054,0.4356912358444028,0.3192684623127909,low,0.5476954740916734,0.3012081214131022,moderate,0.3662004229640539,0.33276095589605,moderate,0.6252170233699423,0.1303347324880056,trending,1.303583251469409,1.1103581438120955,variable,0.0,0.0,complete,18,LOW_HIGH_HIGH
12323,0.4350193407220756,0.1366150593670126,low,0.6194593356046468,0.3719853852160815,strong,0.367714204271666,0.3537885493161197,moderate,0.689944532426509,0.1520185220288853,trending,0.7436031585252328,0.4302769233275424,moderate,0.0,0.0,complete,18,LOW_HIGH_HIGH
111877,0.4343707196868046,0.0566213126817041,low,0.9252274110894746,0.0415404046995591,strong,0.3696131579676064,0.2767142645087532,moderate,0.9313311849339576,0.1047969180005906,trending,0.8791555653382342,0.2531806409948065,moderate,0.0,0.0,complete,18,LOW_HIGH_HIGH
112055,0.4343263263943953,0.3198084534091764,low,0.5469008849457595,0.3010503386177184,moderate,0.370103696480445,0.3324345283882876,moderate,0.6346919279436991,0.1243721970156547,trending,1.3302402163634277,1.1552511205040767,variable,0.0,0.0,complete,18,LOW_HIGH_HIGH
112057,0.4324536813662973,0.3161033353122459,low,0.5908492201229274,0.2298462510113817,moderate,0.3719119324890245,0.3306223085435004,moderate,0.6448715637668097,0.08012823450318,trending,1.4619718102030848,1.413889083630519,variable,0.0,0.0,complete,18,LOW_HIGH_HIGH
102574,0.4321353476870162,0.2052239236640622,low,0.7958944514507511,0.3650049216850594,strong,0.2203486588482176,0.1658501836364388,weak,0.7145526829079902,0.1479436198803465,trending,1.3935790823820124,0.5170441150777472,variable,0.0,0.0,complete,18,LOW_HIGH_HIGH
109254,0.4316634987686301,0.0984873108715691,low,0.5129284442496236,0.1152950135089623,moderate,0.3168832116199334,0.3433317514124279,moderate,0.7840133012578174,0.1620114034709603,trending,1.4004583091228016,0.5449424335357865,variable,0.0,0.0,complete,18,LOW_HIGH_HIGH
13739,0.4309970499441453,0.3120228988466982,low,0.7320016456151218,0.249746796560186,strong,0.1855481175706911,0.1250289032062552,weak,0.709402111542207,0.1715890432225342,trending,4.996778912787365,8.379057624373432,highly_variable,0.0,0.0,complete,18,LOW_HIGH_HIGH
7643,0.430326705041724,0.213515527164768,low,0.7073965371995533,0.3574562035439145,strong,0.1637030668712505,0.1864155539355474,weak,0.7534260162469255,0.2325669854914611,trending,1.249940276823709,1.5414056264753049,variable,0.0,0.0,complete,18,LOW_HIGH_HIGH
9473,0.429609445910358,0.2099414949530877,low,0.5973249149296594,0.3834265955809799,moderate,0.2723198566398597,0.200099393151254,weak,0.91336834842324,0.0645708391518821,trending,1.1623921561225008,0.8452867726011104,variable,0.0,0.0,complete,18,LOW_HIGH_HIGH
109240,0.4292196038858066,0.0603966682067127,low,0.7159734153022679,0.1308245036007358,strong,0.3509140256040305,0.0744215422667372,moderate,0.9455777553236668,0.0392928659288202,trending,0.7078645638946354,0.47482602652882,moderate,0.0,0.0,complete,18,LOW_HIGH_HIGH
111873,0.4284172510831712,0.0583863955168385,low,0.916575507476273,0.0526963368068737,strong,0.3751749425688063,0.2826591338348689,moderate,0.911217659681936,0.1329974647651694,trending,0.9016540925448184,0.2229541227380198,moderate,0.0,0.0,complete,18,LOW_HIGH_HIGH
102756,0.4278712179139897,0.1458526542434542,low,0.8166548885386937,0.1523657672704145,strong,0.3671301023105678,0.2668311025143496,moderate,0.8894313185511941,0.1207659805318764,trending,0.9465076502190634,0.4009562799909856,moderate,0.0,0.0,complete,18,LOW_HIGH_HIGH
100243,0.4276721438532839,0.3398111300313192,low,0.5190753495200896,0.3126287893020465,moderate,0.3969032040039668,0.3286329738103395,moderate,0.8407110985051186,0.123615463066053,trending,1.4113366712878088,1.4279772919145992,variable,0.0,0.0,complete,18,LOW_HIGH_HIGH
13938,0.4273883577306409,0.2977943442861542,low,0.6107032057091181,0.4178320943305401,strong,0.1883878302108561,0.1899957231996598,weak,0.6574377643354856,0.2955982647024144,trending,1.3498686457750446,1.1041581814127734,variable,0.0,0.0,complete,18,LOW_HIGH_HIGH
102426,0.4272450231979407,0.2995786264902328,low,0.6119444752503707,0.2561227117235957,strong,0.3019030882631535,0.3515996857704322,moderate,0.7692126327233919,0.0193766722656472,trending,0.5455944193819531,0.2828439557159571,moderate,0.0,0.0,complete,18,LOW_HIGH_HIGH
111791,0.4271061080246324,0.2878285370250378,low,0.6666787108961022,0.1797594798470828,strong,0.3929204411828974,0.31763915877365,moderate,0.8286848424237251,0.1185506819002189,trending,0.5282566051976094,0.3492449051510408,moderate,0.0,0.0,complete,18,LOW_HIGH_HIGH
3154,0.4267372147508476,0.317577315640844,low,0.4572145671068371,0.4334628562729063,moderate,0.1121024115414236,0.0653708193947533,weak,0.8288823681575466,0.1010299347490424,trending,1.192253994416963,0.7778255988627232,variable,0.0,0.0,complete,18,LOW_HIGH_HIGH
12069,0.4262865017630289,0.3313711385925054,low,0.6103853453118597,0.3706037699009308,strong,0.3820945293573566,0.4239422103835159,moderate,0.6639448297260239,0.1896408083460641,trending,4.868277770213641,9.196164240393008,highly_variable,0.0,0.0,complete,18,LOW_HIGH_HIGH
105692,0.4262683986152923,0.1777935176866551,low,0.8102436851851289,0.2055118344781741,strong,0.249999548064648,0.1919305982552509,weak,0.7739489435599248,0.2327058641580772,trending,1.073574389206238,0.3383013123319371,variable,0.0,0.0,complete,18,LOW_HIGH_HIGH
100253,0.4253676690237313,0.3433223401867505,low,0.5206479534578803,0.3087015540501954,moderate,0.3818642235581678,0.3369749802610826,moderate,0.8186848779063344,0.0951825493721968,trending,1.2899545670473571,1.2141013899493802,variable,0.0,0.0,complete,18,LOW_HIGH_HIGH
111481,0.425355617921503,0.0645784615560463,low,0.8189096051176097,0.0634999763216609,strong,0.3967485752533539,0.0719161485429537,moderate,0.8697910500688518,0.0780074495968363,trending,0.6747133092587246,0.1571606403975578,moderate,0.0,0.0,complete,18,LOW_HIGH_HIGH
3155,0.4250594630234889,0.3407077958642641,low,0.5102193983595543,0.4221494620959634,moderate,0.029268146727216,0.0341660695893459,weak,0.6007996209478182,0.1171055534573967,trending,1.171788166849947,0.5856364672635096,variable,0.0,0.0,complete,18,LOW_HIGH_HIGH
110827,0.4249637961722544,0.2067055366837449,low,0.6949085583620972,0.2172670998397246,strong,0.3940296111623609,0.1734262632177231,moderate,0.927891426399842,0.0476791232955717,trending,0.6673626597347934,0.2432205197924186,moderate,0.0,0.0,complete,18,LOW_HIGH_HIGH
109616,0.4246571806044171,0.2428615447948356,low,0.6952396745270762,0.3442430404702074,strong,0.3759717343290971,0.1735447644766074,moderate,0.8432644375200118,0.1414037640435225,trending,0.9147145708353271,0.9157680583398096,moderate,0.0,0.0,complete,18,LOW_HIGH_HIGH
108104,0.4242261159654998,0.1249744403893617,low,0.8181427481069253,0.1447110278543205,strong,0.3724650877890891,0.0654657840698444,moderate,0.9947492841255584,0.0105014317488834,trending,0.8759735498462351,0.4651874954522728,moderate,0.0,0.0,complete,18,LOW_HIGH_HIGH
111870,0.4239607382409106,0.0721566727825812,low,0.9121270737500984,0.0548151218506306,strong,0.3230267358929263,0.2350617880541957,moderate,0.9063568428659668,0.1191055117172614,trending,0.8305247632777425,0.2796584760791165,moderate,0.0,0.0,complete,18,LOW_HIGH_HIGH
109607,0.42394833324183,0.2133777113737421,low,0.7004757346299946,0.2762362246039505,strong,0.3553506815431565,0.2086839414177476,moderate,0.8709792899876909,0.1060290029716847,trending,0.6618957922634623,0.3667562191370772,moderate,0.0,0.0,complete,18,LOW_HIGH_HIGH
110825,0.4233681104164667,0.207623311858489,low,0.7083041148793495,0.2025518046745905,strong,0.3694903161547583,0.1545384687373333,moderate,0.909001252234545,0.0480696491860008,trending,0.672967794733484,0.2455734164006214,moderate,0.0,0.0,complete,18,LOW_HIGH_HIGH
109255,0.4230418429833567,0.113414299381846,low,0.5201512921959088,0.0631952074463675,moderate,0.3244835938873064,0.3401472628129449,moderate,0.8330291770245338,0.1407660003071509,trending,1.4068530319083377,0.5766284156703092,variable,0.0,0.0,complete,18,LOW_HIGH_HIGH
102433,0.4216958172589314,0.3002689674998637,low,0.6020858563997551,0.2583351171906756,strong,0.3022954123204898,0.3507878705009629,moderate,0.7993417867322761,0.067934922345161,trending,0.5757988360511754,0.3111453708162278,moderate,0.0,0.0,complete,18,LOW_HIGH_HIGH
100435,0.4207603077441744,0.2910720021790871,low,0.6037607242488459,0.2022052789423226,strong,0.2792054212965779,0.361824989601502,weak,0.7538027968470136,0.113157068889892,trending,1.4418723149881327,0.9614867022522048,variable,0.0,0.0,complete,18,LOW_HIGH_HIGH
109599,0.4205765443959074,0.2185811134290536,low,0.6790140478041871,0.2828167190088114,strong,0.2859777257880986,0.1644304500817119,weak,0.8734276467523279,0.0893224887737136,trending,0.6660964445516627,0.3812221763950748,moderate,0.0,0.0,complete,18,LOW_HIGH_HIGH
8424,0.4190579194642825,0.2182184554548276,low,0.4138653512571117,0.3784612920676848,moderate,0.3224172387181601,0.2511877795848664,moderate,0.883581090495601,0.0762507292891761,trending,0.8718960495047601,0.2678813439330281,moderate,0.0,0.0,complete,18,LOW_HIGH_HIGH
3813,0.4188069535511142,0.3515653008788894,low,0.6141963962867665,0.3621640648663125,strong,0.2883979640547552,0.3606460636593099,weak,0.6097428984067926,0.219281215688903,trending,1.151839845424753,0.963292101531529,variable,0.0,0.0,complete,18,LOW_HIGH_HIGH
16467,0.4171645211721945,0.2461361267446048,low,0.4536755555418296,0.4404186610395202,moderate,0.2882552323972553,0.2333844220581222,weak,0.8374109465470061,0.1290959398073971,trending,0.9168180271032308,0.7573565742252083,moderate,0.0,0.0,complete,18,LOW_HIGH_HIGH
100584,0.4169653819930929,0.1748537109478889,low,0.7346544333194215,0.2204532721040617,strong,0.3630256581861201,0.2047614962854682,moderate,0.974680070677148,0.0310249680107361,trending,0.7857585580389016,0.2129584254145778,moderate,0.0,0.0,complete,18,LOW_HIGH_HIGH
12325,0.4167361459602198,0.1376860680798307,low,0.8535847099594964,0.0711550374255831,strong,0.3080627506157247,0.2851230995834845,moderate,0.7792749689800087,0.1364882770275406,trending,0.9089843330543632,0.558223581638282,moderate,0.0,0.0,complete,18,LOW_HIGH_HIGH
100367,0.4160988447576196,0.1016970468515545,low,0.8991462577855881,0.1215239783994787,strong,0.3480666111372374,0.151289995649739,moderate,0.8425404583873929,0.1420969115176198,trending,1.1248292450896735,0.3038605118309889,variable,0.0,0.0,complete,18,LOW_HIGH_HIGH
13684,0.4159496167805676,0.2425998531113992,low,0.7133967967318064,0.3557526035755219,strong,0.2175717617554705,0.3352819731400931,weak,0.6235910095826018,0.1335172714713129,trending,0.5884042925972716,0.5168590544752183,moderate,0.0,0.0,complete,18,LOW_HIGH_HIGH
9456,0.4157171586636661,0.2628116385022278,low,0.6157834233822255,0.4051597207988011,strong,0.2849839236363968,0.1281258481413533,weak,0.9036468350389356,0.0554300530286235,trending,1.2173881967408944,0.8259726097506299,variable,0.0,0.0,complete,18,LOW_HIGH_HIGH
108291,0.4138762473957549,0.1083606164813835,low,0.5708500448634679,0.2014139667943564,moderate,0.2123621982866751,0.0435522851612281,weak,0.9207403567944604,0.0428381335275855,trending,0.9207079890460792,0.4151130443139909,moderate,0.0,0.0,complete,18,LOW_HIGH_HIGH
108235,0.4129757080724,0.1131846432494078,low,0.578375269873618,0.1991031999969368,moderate,0.2222084651633625,0.0569285761527044,weak,0.9198434230258944,0.040107157848,trending,0.9178261333088285,0.4162894479731114,moderate,0.0,0.0,complete,18,LOW_HIGH_HIGH
18668,0.4128815210020729,0.2755835550831216,low,0.5819146020967152,0.4612601912189195,moderate,0.0733363283137795,0.04709279745555,weak,0.7855986364222736,0.1157188899005525,trending,1.5589990001570857,0.8454898403362414,variable,0.0,0.0,complete,18,LOW_HIGH_HIGH
102427,0.4115518694498824,0.3066894636973907,low,0.6018754669624009,0.2521455207023036,strong,0.3100720306889019,0.3488623611216109,moderate,0.8125345388273193,0.090491124210198,trending,0.5635176007568623,0.2927800985644633,moderate,0.0,0.0,complete,18,LOW_HIGH_HIGH
111843,0.4106103165362151,0.1408054095864228,low,0.6894166736104446,0.2122223059261472,strong,0.3904078918743416,0.1239601149591291,moderate,0.8459430411919315,0.0612888521632673,trending,0.5937617046537668,0.275046680707738,moderate,0.0,0.0,complete,18,LOW_HIGH_HIGH
108311,0.4100906794766449,0.1108662522598418,low,0.559684261791739,0.2099315689291293,moderate,0.2092531246426304,0.0532455253909386,weak,0.9221853748292896,0.0419165122078769,trending,0.9320789866975177,0.3996465136651582,moderate,0.0,0.0,complete,18,LOW_HIGH_HIGH
7329,0.4099554699473423,0.3259340761395216,low,0.4111473950612809,0.3786922255714763,moderate,0.1657795396761944,0.132833939373813,weak,0.6922752117060437,0.107579743858401,trending,1.6371846528851477,1.2824410953709418,variable,0.0,0.0,complete,18,LOW_HIGH_HIGH
109895,0.4097140522656847,0.3401532033377887,low,0.6429517121750948,0.3230947537787009,strong,0.3898177623311913,0.3381159687527778,moderate,0.8561910967523623,0.1071423854854283,trending,1.0090773506370252,1.258918165394994,variable,0.0,0.0,complete,18,LOW_HIGH_HIGH
18495,0.4090796159818608,0.3077964216094421,low,0.4481639089568622,0.3956421689483797,moderate,0.3946123127172164,0.2956711708810214,moderate,0.7662622613084887,0.1585322443330671,trending,1.6153670620492626,1.3848903965362798,variable,0.0,0.0,complete,18,LOW_HIGH_HIGH
102431,0.4085653465326462,0.3057602410840272,low,0.5878135079830129,0.2588649485042447,moderate,0.3042939894008947,0.3516986975033601,moderate,0.7937256066515731,0.0753757254728829,trending,0.5795427957531457,0.3053901796675162,moderate,0.0,0.0,complete,18,LOW_HIGH_HIGH
105834,0.408482688537055,0.2986825922649891,low,0.6391237832101021,0.1843906598787592,strong,0.3754748233388212,0.3263384079009908,moderate,0.7983878074313536,0.1468249232058929,trending,1.0221921649333887,0.719765891306213,variable,0.0,0.0,complete,18,LOW_HIGH_HIGH
102432,0.4073546726000797,0.3050275021788852,low,0.5892559148664611,0.2505976540335176,moderate,0.3084640395990563,0.3494058235490269,moderate,0.815548209391745,0.0837454653819632,trending,0.5930261633835359,0.314615356343733,moderate,0.0,0.0,complete,18,LOW_HIGH_HIGH
103382,0.4071202245399775,0.3039785977736793,low,0.7892488258237111,0.1608321786776068,strong,0.3976913604664134,0.3581817427748475,moderate,0.8624514580919301,0.083092366061405,trending,2.219169825532704,1.8718937560534088,highly_variable,0.0,0.0,complete,18,LOW_HIGH_HIGH
105836,0.4069883413904862,0.299448481799278,low,0.6450589522525557,0.1815824368050767,strong,0.371935988443634,0.329307458322539,moderate,0.7937049018384882,0.1159357173980254,trending,1.0424535520824807,0.749743152155715,variable,0.0,0.0,complete,18,LOW_HIGH_HIGH
9451,0.4066429741239847,0.2218425862256884,low,0.5848814792145293,0.408510551881649,moderate,0.2720832020317393,0.1542634460138749,weak,0.9026617399030498,0.0620729308338786,trending,1.147264364345132,0.8651294566886523,variable,0.0,0.0,complete,18,LOW_HIGH_HIGH
109256,0.4057456676295121,0.1038460488467111,low,0.5376847054805436,0.0207173943564349,moderate,0.3786863962016399,0.3274958294727572,moderate,0.8829761529583002,0.1115945420204911,trending,1.5195452069754596,0.6569032118382526,variable,0.0,0.0,complete,18,LOW_HIGH_HIGH
109897,0.4053482074696021,0.3432765115322658,low,0.6682324377505406,0.2760238167447498,strong,0.3963620771817731,0.3238201230966205,moderate,0.8474627255483446,0.111130601808254,trending,1.0741839019977926,1.299945966757267,variable,0.0,0.0,complete,18,LOW_HIGH_HIGH
4602,0.4052431653762891,0.3943167327151546,low,0.5221313887630114,0.4391664603621524,moderate,0.3913627946041666,0.430445989984464,moderate,0.4838241350645383,0.0720119210576743,random,8.387287217907236,9.712607489456946,highly_variable,0.0,0.0,complete,18,LOW_HIGH_HIGH
7565,0.4052016940224517,0.2377333033980986,low,0.4125046966113403,0.3327070886809778,moderate,0.2228955752745137,0.3794602373413257,weak,0.7512276381807221,0.1257793810509492,trending,0.7550938773987148,0.4104837500997991,moderate,0.0,0.0,complete,18,LOW_HIGH_HIGH
103732,0.4051191026193435,0.0397324061103285,low,0.6634448287711026,0.0906823414669365,strong,0.2937032416629449,0.148763388043358,weak,0.7955840310485767,0.1146657146588523,trending,1.5405438810220182,0.7846878210079165,variable,0.0,0.0,complete,18,LOW_HIGH_HIGH
111857,0.4048783444326201,0.1403272592489688,low,0.6891977242976454,0.1985907082376545,strong,0.3817611590301937,0.1188548029442347,moderate,0.8393222502984404,0.0671801127347714,trending,0.5984563507126002,0.2785271933693106,moderate,0.0,0.0,complete,18,LOW_HIGH_HIGH
10743,0.4030351876771586,0.2656168085760244,low,0.4082655538580697,0.4536850055036259,moderate,0.2641637134241377,0.3417837105837187,weak,0.870045558865516,0.1577283649526118,trending,0.7387466842640447,0.4604228248037227,moderate,0.0,0.0,complete,18,LOW_HIGH_HIGH
9622,0.4023990750283335,0.3634014323202114,low,0.4051955260875152,0.325905466600176,moderate,0.399102479144077,0.3268145364194891,moderate,0.7758194042307408,0.1604196599960781,trending,0.954220352739378,0.8414959921073992,moderate,0.0,0.0,complete,18,LOW_HIGH_HIGH
103431,0.4019179745305111,0.1267909067157518,low,0.8754856218788761,0.1977377441077478,strong,0.1548285716452113,0.1117676382042018,weak,0.840794529644452,0.161701051724499,trending,2.347364485923114,0.8782587825126796,highly_variable,0.0,0.0,complete,18,LOW_HIGH_HIGH
112375,0.4015166957419732,0.0669057240680204,low,0.5452254113375801,0.1808407270986072,moderate,0.2103020770084801,0.0985037543170661,weak,0.790282176320797,0.1013696608197257,trending,0.6982697372284836,0.2557782627501205,moderate,0.0,0.0,complete,18,LOW_HIGH_HIGH
102430,0.4014199064858161,0.3082828625141569,low,0.5782580783412038,0.2588108178914046,moderate,0.3193017258612806,0.3439772725091058,moderate,0.8388884382093833,0.1081195268553738,trending,0.5913588465763283,0.3089783873990753,moderate,0.0,0.0,complete,18,LOW_HIGH_HIGH
109737,0.4011061697898946,0.1695656542978965,low,0.700627644662984,0.1450380082434379,strong,0.3131145477104033,0.1101338742873499,moderate,0.9270140053824332,0.1005838908698802,trending,0.6160533669693129,0.1182868511029375,moderate,0.0,0.0,complete,18,LOW_HIGH_HIGH
112380,0.400447885561571,0.0692430479758318,low,0.5528959271528697,0.1820610290862274,moderate,0.234042899719926,0.115439042422155,weak,0.8310212854539587,0.1241654361043504,trending,0.6956002337544245,0.2456551469089942,moderate,0.0,0.0,complete,18,LOW_HIGH_HIGH
109610,0.4003996801681653,0.2116706187302985,low,0.6774326002427372,0.2796639297162704,strong,0.2845659694082004,0.1587860406672932,weak,0.8836760282203787,0.119949467409622,trending,0.6821623651644698,0.3787915633396033,moderate,0.0,0.0,complete,18,LOW_HIGH_HIGH
20261,0.8219504931519399,0.1453883651497201,high,0.0173991643350895,0.0142488103268288,weak,0.5527261971333394,0.4513025134188076,moderate,0.5330172077641018,0.0270325702006953,random,0.2643933298476129,0.2177832578577726,stable,0.0,0.0,complete,6,HIGH_LOW_HIGH
3524,0.8197627378017451,0.147713133951864,high,0.0,0.0,weak,0.5277726029087957,0.4309888672314044,moderate,0.4848218251011921,0.0639969427964421,random,0.2694662908811153,0.2488117609046871,stable,0.0,0.0,complete,6,HIGH_LOW_HIGH
20259,0.8192937704544793,0.1475775015795559,high,0.0223455639177717,0.0227584608780757,weak,0.5564879222074829,0.4544165034828595,moderate,0.5499092607485789,0.0408526219445438,random,0.2597287197184895,0.213971586566685,stable,0.0,0.0,complete,6,HIGH_LOW_HIGH
18459,0.8147815661971018,0.1516398132399603,high,0.0784402870076284,0.0702334361285306,weak,0.5622605384489181,0.4591316400406426,moderate,0.4700668940775379,0.0665282433007738,random,0.2765477828783633,0.2410810213279255,stable,0.0,0.0,complete,6,HIGH_LOW_HIGH
20260,0.8133038472234565,0.1527866447430141,high,0.0141548459163061,0.0124043765110896,weak,0.5484197838615721,0.447993009749528,moderate,0.54984746156989,0.0408604182973079,random,0.262640033094481,0.2166115195069318,stable,0.0,0.0,complete,6,HIGH_LOW_HIGH
846,0.8121108716227129,0.1581221661996734,high,0.0629505849624328,0.0565292769443164,weak,0.5640202201494946,0.4609231887210792,moderate,0.4729532832215015,0.0671880661964975,random,0.3044774541403876,0.2608672932402886,stable,0.0,0.0,complete,6,HIGH_LOW_HIGH
3254,0.8073195263295944,0.1584037643059339,high,0.0455837477829665,0.0386161593153445,weak,0.5489609974679397,0.4483643238706539,moderate,0.5328416671870265,0.0601419319481054,random,0.224510589524592,0.1915519310887284,stable,0.0,0.0,complete,6,HIGH_LOW_HIGH
18461,0.8054808166496148,0.1596078978045857,high,0.0787217007005757,0.0705340867142098,weak,0.5545145940199464,0.4528766048712453,moderate,0.482347727539748,0.0683128246481871,random,0.2735432014415851,0.241952655149739,stable,0.0,0.0,complete,6,HIGH_LOW_HIGH
843,0.8054394802650153,0.1628910114423453,high,0.0545262265717086,0.0695027838774012,weak,0.5573303252877861,0.4555201948541377,moderate,0.4790464569737349,0.0762260157740236,random,0.3240664862231042,0.289560223223235,stable,0.0,0.0,complete,6,HIGH_LOW_HIGH
16830,0.8038127975344264,0.1615928461787167,high,0.0721040883949292,0.0723597175456642,weak,0.5531083777589242,0.4519791048188723,moderate,0.4603883204607161,0.0503853294387902,random,0.2518403538065406,0.2349306456136623,stable,0.0,0.0,complete,6,HIGH_LOW_HIGH
747,0.801898553199474,0.1618562878376408,high,0.0068396477601073,0.0136792955202147,weak,0.5533076202343759,0.4517981698510185,moderate,0.5437751728446996,0.072846578592326,random,0.2512170604107601,0.2078977747564964,stable,0.0,0.0,complete,6,HIGH_LOW_HIGH
7621,0.8006234472779934,0.1629540922493251,high,0.0,0.0,weak,0.436924520025504,0.3572641694431351,moderate,0.4920030773126414,0.0541079078255892,random,0.4360857279047138,0.3966864493930561,stable,0.0,0.0,complete,6,HIGH_LOW_HIGH
16832,0.8001264567180941,0.165112027069431,high,0.0568464538609138,0.049004327181057,weak,0.5403014673826458,0.4415828628996829,moderate,0.4736780788552962,0.0760329810434823,random,0.2483330344329359,0.2383298048115268,stable,0.0,0.0,complete,6,HIGH_LOW_HIGH
11115,0.7997950745190365,0.1054934293674092,high,0.0267765631097791,0.0307353019827863,weak,0.7422446813265131,0.371501106392698,strong,0.4778973958235649,0.0512492999393036,random,0.401084834027667,0.214024088022076,stable,0.0,0.0,complete,6,HIGH_LOW_HIGH
16831,0.7984983295244008,0.1669072512680408,high,0.073173774067949,0.0677415397659846,weak,0.5501317340317137,0.4496184019173988,moderate,0.4623885373690183,0.0767365477755313,random,0.2512365876950093,0.2350545375457223,stable,0.0,0.0,complete,6,HIGH_LOW_HIGH
3522,0.7981020113771153,0.1672556670891276,high,0.0,0.0,weak,0.515220893305955,0.4208519217495296,moderate,0.5114576936639189,0.1122930137090889,random,0.1920527322069276,0.2036079627207584,stable,0.0,0.0,complete,6,HIGH_LOW_HIGH
5259,0.7976763559379594,0.1652137064787286,high,0.0122128523856329,0.0100295534726061,weak,0.5112826719012711,0.4174624760724669,moderate,0.4622923483528355,0.0309804488074172,random,0.2207110120791043,0.1857378075158773,stable,0.0,0.0,complete,6,HIGH_LOW_HIGH
459,0.7973115510729117,0.1669083259311268,high,0.0336602375094585,0.0417176527804587,weak,0.5348593797916454,0.4369266883950066,moderate,0.4845901379095788,0.1205756936797685,random,0.3140953581939902,0.2894189943947363,stable,0.0,0.0,complete,6,HIGH_LOW_HIGH
20256,0.7971269962453613,0.1661865549057017,high,0.0126856220055201,0.0113644164817534,weak,0.5376147919772051,0.4390819717879521,moderate,0.6211494547736176,0.0993245154938891,trending,0.2837875460965118,0.2352790386266935,stable,0.0,0.0,complete,6,HIGH_LOW_HIGH
7622,0.796130699040218,0.1667883863938639,high,0.0,0.0,weak,0.4378957319140415,0.3582210024771273,moderate,0.5199421891899333,0.0319768466850578,random,0.4457527950487305,0.3941233839980001,stable,0.0,0.0,complete,6,HIGH_LOW_HIGH
842,0.7957561498720203,0.1787192341369584,high,0.0446383845617061,0.055255619130926,weak,0.5267814199140805,0.437016554884066,moderate,0.4700320906883442,0.0641046058479247,random,0.3653747450082197,0.3472394506086317,stable,0.0,0.0,complete,6,HIGH_LOW_HIGH
18462,0.7941249354968701,0.1729599964257085,high,0.0574013299235596,0.0508960277491006,weak,0.5399616392137381,0.4415246925816243,moderate,0.478446086109234,0.0688165436144461,random,0.2728424704716409,0.2433677854317933,stable,0.0,0.0,complete,6,HIGH_LOW_HIGH
457,0.7926658678136012,0.170176194981798,high,0.0246206817041075,0.030314454846147,weak,0.5250632436157681,0.4288672357539986,moderate,0.5112447811071086,0.1182400524967499,random,0.3145494889512285,0.2964218772550573,stable,0.0,0.0,complete,6,HIGH_LOW_HIGH
771,0.7902913307897151,0.171622545338854,high,0.0082962688156344,0.0165925376312689,weak,0.5325307215568966,0.435065074268932,moderate,0.5548616839792344,0.0791158621172962,random,0.2584496063917985,0.21340563367642,stable,0.0,0.0,complete,6,HIGH_LOW_HIGH
770,0.7901525516211583,0.1716260464363852,high,0.0044715009649682,0.0089430019299364,weak,0.5392054510671808,0.4403602650289792,moderate,0.5345677503516363,0.0552095584742384,random,0.2528752082192497,0.2098508819821296,stable,0.0,0.0,complete,6,HIGH_LOW_HIGH
3255,0.7896743604329369,0.1731215997009214,high,0.0531598585811855,0.0444162799244876,weak,0.5417494417422446,0.442728402794989,moderate,0.517554396963102,0.0207536253864325,random,0.1954415123881763,0.1696822782867456,stable,0.0,0.0,complete,6,HIGH_LOW_HIGH
11114,0.789634865162521,0.1153195473007618,high,0.0297959328723086,0.0449327184676692,weak,0.733603344858496,0.3680539763327378,strong,0.4873838425547078,0.072240544191655,random,0.4020886377540472,0.214586443252431,stable,0.0,0.0,complete,6,HIGH_LOW_HIGH
746,0.7891825017483042,0.1737103387980754,high,0.0038109825595013,0.0076219651190026,weak,0.5407410105984747,0.4418388299311803,moderate,0.5337296617069536,0.0478750934961169,random,0.2586998604264826,0.2134676341182792,stable,0.0,0.0,complete,6,HIGH_LOW_HIGH
5260,0.7879625198193885,0.1731874006538342,high,0.0,0.0,weak,0.4713624493313902,0.3851795739218577,moderate,0.4617239624750041,0.0342376875130199,random,0.2239373528609915,0.1900611501643221,stable,0.0,0.0,complete,6,HIGH_LOW_HIGH
985,0.7875641155356907,0.1740323552304065,high,0.0219575262595606,0.0220323211540931,weak,0.5210178177190935,0.4255582214598006,moderate,0.4592050965001331,0.0914545171962798,random,0.2766881590367386,0.2292185834186445,stable,0.0,0.0,complete,6,HIGH_LOW_HIGH
13330,0.7861059176193977,0.1773687988805504,high,0.0714843674616025,0.0677961163142018,weak,0.5312936214939048,0.4353253145743127,moderate,0.4644116503411294,0.0433905945873115,random,0.2784502156775232,0.2454222242669539,stable,0.0,0.0,complete,6,HIGH_LOW_HIGH
458,0.7860755559749044,0.1776564030559196,high,0.0350461552596825,0.0429230968236537,weak,0.5228758755862398,0.4276597520490998,moderate,0.5029143357098238,0.115866290620755,random,0.2995853370290684,0.2910151270325529,stable,0.0,0.0,complete,6,HIGH_LOW_HIGH
13328,0.7856595276129095,0.1808414606314131,high,0.0733128965358284,0.0742467607230746,weak,0.5285377800563494,0.4345354114262978,moderate,0.4539767794353814,0.0456878887778293,random,0.268550449557726,0.242582567321549,stable,0.0,0.0,complete,6,HIGH_LOW_HIGH
6972,0.7842789421174936,0.1763481596243104,high,0.0063135999842554,0.0126271999685108,weak,0.4791738138496835,0.391534474959628,moderate,0.3827420301742448,0.1067664657880084,mean_reverting,0.2727967382997875,0.2673314093632104,stable,0.0,0.0,complete,6,HIGH_LOW_HIGH
992,0.7841688778746162,0.1765583593520041,high,0.0205370775620105,0.0251614204910559,weak,0.5205103368322641,0.4251444616088606,moderate,0.5344094322679759,0.1510825957083886,random,0.2810360780025275,0.230785379926216,stable,0.0,0.0,complete,6,HIGH_LOW_HIGH
13327,0.782938609078877,0.1855888948036531,high,0.0706016355989589,0.0677481517081046,weak,0.5274122587719907,0.4340642336512476,moderate,0.4673857406219534,0.0413942270994219,random,0.27486824369953,0.2437523666082335,stable,0.0,0.0,complete,6,HIGH_LOW_HIGH
3248,0.7823738193179705,0.1793469089583536,high,0.0,0.0,weak,0.5212486928079743,0.4263111333530271,moderate,0.5384861159530061,0.0462304129525281,random,0.1995509316045983,0.1739036808535329,stable,0.0,0.0,complete,6,HIGH_LOW_HIGH
991,0.7819197262615682,0.1785000088065292,high,0.0194116483155208,0.0238201269043378,weak,0.5237408546881583,0.4277288220738587,moderate,0.5379935796394978,0.1465401572573279,random,0.2781998279628309,0.2289892819509122,stable,0.0,0.0,complete,6,HIGH_LOW_HIGH
3246,0.7814962706090621,0.180060409553725,high,0.0,0.0,weak,0.5178135895424075,0.4231782215673481,moderate,0.5234654119628752,0.031032572600123,random,0.1974718318086321,0.1715718483732091,stable,0.0,0.0,complete,6,HIGH_LOW_HIGH
5114,0.781005298031405,0.1108914220686994,high,0.0087076082887983,0.0099565300845733,weak,0.7550320386048334,0.3777537718927064,strong,0.5489204478409209,0.0544502300192328,random,0.3602905869769228,0.1944082009543826,stable,0.0,0.0,complete,6,HIGH_LOW_HIGH
3252,0.7804955079486675,0.182658577890284,high,0.0,0.0,weak,0.5201435041934903,0.4256051768697369,moderate,0.5247361789234777,0.0330117880005875,random,0.1829957601741514,0.1614129864179601,stable,0.0,0.0,complete,6,HIGH_LOW_HIGH
12064,0.779935266340723,0.1232768803047665,high,0.0218415734632891,0.0128221819645912,weak,0.7216604275597144,0.3625542001537697,strong,0.5119671570920749,0.1076297198859096,random,0.4754502177711779,0.2431611754410685,stable,0.0,0.0,complete,6,HIGH_LOW_HIGH
993,0.7787831202379178,0.1810970154383508,high,0.0157597630471821,0.0193019739116752,weak,0.5073406289469455,0.4146446702086435,moderate,0.5732844329744022,0.1588304495589023,random,0.2899546941970632,0.2370685393683827,stable,0.0,0.0,complete,6,HIGH_LOW_HIGH
988,0.7787164665317972,0.1811444247437634,high,0.0243173253797824,0.0298010884453457,weak,0.516763154517702,0.4221290382232175,moderate,0.528217835734018,0.1531234885830901,random,0.2798486540906325,0.2307884218996286,stable,0.0,0.0,complete,6,HIGH_LOW_HIGH
987,0.7784298605469255,0.1812579426584624,high,0.0197827651704025,0.0242291376676156,weak,0.5125363450297347,0.4187911231822321,moderate,0.5324567678896462,0.1528765010373009,random,0.278538598430662,0.229667221541499,stable,0.0,0.0,complete,6,HIGH_LOW_HIGH
994,0.7776286012851573,0.1820934717392288,high,0.0134759094561268,0.0165803241919422,weak,0.5088981672374226,0.4157410792601876,moderate,0.5558433988467494,0.1638649455940108,random,0.2882839768399104,0.2357265091237528,stable,0.0,0.0,complete,6,HIGH_LOW_HIGH
3532,0.777007359728116,0.1858760715594776,high,0.0503044508799223,0.0609025809146985,weak,0.5191249856392863,0.4258379982149833,moderate,0.4430624237812001,0.0939594352190768,random,0.1808854501803836,0.194437299420251,stable,0.0,0.0,complete,6,HIGH_LOW_HIGH
5115,0.7769888044610346,0.1142256466435077,high,0.0093043270788526,0.016307270166389,weak,0.7545041420021893,0.3775063913064581,strong,0.5674072121474284,0.101696339675774,random,0.3723105255565491,0.1890900338799529,stable,0.0,0.0,complete,6,HIGH_LOW_HIGH
16856,0.7745962099268595,0.1894874762256999,high,0.0049032594704781,0.0098065189409563,weak,0.5114732600669903,0.4176635299534143,moderate,0.6760341259038888,0.1708089083402243,trending,0.2818256907690304,0.2368814791803737,stable,0.0,0.0,complete,6,HIGH_LOW_HIGH
5300,0.7745527943232651,0.1896990052297089,high,0.1948395983546381,0.3568246965822815,weak,0.4736053545304653,0.4008636829424273,moderate,0.6883070698483704,0.2375457402435031,trending,0.2297035141350984,0.2105417786129027,stable,0.0,0.0,complete,6,HIGH_LOW_HIGH
936,0.7710360987230237,0.1870158001166677,high,0.0519558922688481,0.0427303654364474,weak,0.5077972566645771,0.4146551435009217,moderate,0.4785501069149395,0.021472166153226,random,0.3336728587078222,0.280658424836529,stable,0.0,0.0,complete,6,HIGH_LOW_HIGH
16880,0.7706831216078328,0.194996610019535,high,0.0,0.0,weak,0.5007592914040675,0.4089970400605751,moderate,0.6637459946295556,0.1753711628163828,trending,0.2886068741455941,0.245881300002247,stable,0.0,0.0,complete,6,HIGH_LOW_HIGH
11490,0.7704841457333051,0.1188290323257456,high,0.0190954694173883,0.0218979056809931,weak,0.7327704774623368,0.3670769022998608,strong,0.6052608811003737,0.0879931840545339,trending,0.5107795062618948,0.2630005035154927,moderate,0.0,0.0,complete,6,HIGH_LOW_HIGH
9706,0.7700497910149373,0.1156319285161646,high,0.0526800532664546,0.044947418287478,weak,0.7470775588312912,0.3737401763827577,strong,0.4325301682593703,0.037694151377568,random,0.4141208415861966,0.2107610710717115,stable,0.0,0.0,complete,6,HIGH_LOW_HIGH
5949,0.7687912288760053,0.188937131153764,high,0.0413460409479937,0.0362220228329837,weak,0.5336267334867802,0.4357624689559261,moderate,0.5229505104605373,0.019762669895687,random,0.2698673834964941,0.2220638974731058,stable,0.0,0.0,complete,6,HIGH_LOW_HIGH
5950,0.768778434469648,0.1890045556833436,high,0.0400099243883663,0.0362088622781897,weak,0.5329186373789596,0.4352039957072856,moderate,0.5216463820938043,0.0188749683852411,random,0.2707319024576523,0.2226642471887789,stable,0.0,0.0,complete,6,HIGH_LOW_HIGH
5947,0.7679451995255576,0.1896546974173844,high,0.0355994194702006,0.0366234474647841,weak,0.5318412972572523,0.434381350938028,moderate,0.5239829236541106,0.0207732867248471,random,0.2701009321744079,0.2223227491357838,stable,0.0,0.0,complete,6,HIGH_LOW_HIGH
14945,0.7673321213470432,0.1165172074428086,high,0.1367171986620321,0.0699244867017661,weak,0.758458822267681,0.3792484677478488,strong,0.3766948552782405,0.0694218323536502,mean_reverting,0.3533892015778249,0.1818828754320718,stable,0.0,0.0,complete,6,HIGH_LOW_HIGH
11118,0.7672279621556427,0.1168393326643384,high,0.1193029689430666,0.0627160313036733,weak,0.7588158052476661,0.3794821094334354,strong,0.380154084541739,0.0619626102898723,mean_reverting,0.4183137410217396,0.215884027206296,stable,0.0,0.0,complete,6,HIGH_LOW_HIGH
8891,0.7667647442365546,0.1274230031528634,high,0.0830105468277185,0.0532568648349182,weak,0.7329210177681134,0.3682152526114374,strong,0.4778076147471288,0.1059551626245053,random,0.3940675207892767,0.2504258185498505,stable,0.0,0.0,complete,6,HIGH_LOW_HIGH
11119,0.7659450359509441,0.1174219594104352,high,0.1193566850548975,0.0625572521843623,weak,0.7582791658898513,0.3792068900486011,strong,0.3794555751797028,0.0689221848581952,mean_reverting,0.4141455299889353,0.2152160681656567,stable,0.0,0.0,complete,6,HIGH_LOW_HIGH
937,0.7655426639254014,0.1916114651718038,high,0.0461996201250419,0.0377438424920716,weak,0.5112867087593823,0.4174685788506343,moderate,0.4996200532683977,0.0242124381866514,random,0.3296388097039641,0.2769446308700951,stable,0.0,0.0,complete,6,HIGH_LOW_HIGH
12063,0.7652341294809816,0.1381380178007557,high,0.036711007450134,0.0377084461767934,weak,0.7010319538306482,0.3562866050977185,strong,0.5308279111348709,0.0861475312604548,random,0.4853763023354656,0.2466386809731801,stable,0.0,0.0,complete,6,HIGH_LOW_HIGH
13331,0.764831780968316,0.2040383302852913,high,0.1119141179989942,0.1252187053151753,weak,0.5091903806713586,0.4197243903055378,moderate,0.4649828692720031,0.042455394133372,random,0.2788547419053925,0.2462712243190531,stable,0.0,0.0,complete,6,HIGH_LOW_HIGH
11117,0.7647609195364653,0.1185767490786476,high,0.1140885957237222,0.0633350479596548,weak,0.7568248194314123,0.3785908496444974,strong,0.3865791140948527,0.0587072953939534,mean_reverting,0.4199480510323585,0.2164393668935018,stable,0.0,0.0,complete,6,HIGH_LOW_HIGH
11472,0.7647034010803473,0.1231696061822919,high,0.024116040971236,0.0355067760391034,weak,0.7350697031392984,0.3680051482135576,strong,0.6217590558803352,0.0848308751015044,trending,0.5113365959590747,0.2650791137866558,moderate,0.0,0.0,complete,6,HIGH_LOW_HIGH
5972,0.7635802909226391,0.1932412228833843,high,0.0398170216740127,0.0354775494084081,weak,0.5258689521851484,0.4294669857308672,moderate,0.525484503841931,0.0217472775765134,random,0.272759675520665,0.2245077227384264,stable,0.0,0.0,complete,6,HIGH_LOW_HIGH
5971,0.7635725148264889,0.1931627546004025,high,0.0398639152637978,0.0367204771040183,weak,0.5260871017839216,0.4296347706707308,moderate,0.5265862379694134,0.0223839663155335,random,0.2718942688618624,0.2239447112631173,stable,0.0,0.0,complete,6,HIGH_LOW_HIGH
13432,0.7634484333182598,0.1263711412757927,high,0.0444424303555608,0.0245350380482643,weak,0.7453362126775751,0.3738837082626496,strong,0.3875595225857741,0.118923683383923,mean_reverting,0.3302768484535788,0.1988166354457029,stable,0.0,0.0,complete,6,HIGH_LOW_HIGH
14939,0.7630102590664327,0.1190196203328811,high,0.1264799132391529,0.0681282800534065,weak,0.7546469166035006,0.3774046012005396,strong,0.380807058806832,0.0692632014846874,mean_reverting,0.3460500596591512,0.1818148034392537,stable,0.0,0.0,complete,6,HIGH_LOW_HIGH
3531,0.7629236538616736,0.2000111296026794,high,0.0487872288317863,0.060279059465974,weak,0.509872718350263,0.4184580044843507,moderate,0.4450697892460386,0.0828534664562015,random,0.1658368025126623,0.1934890050836872,stable,0.0,0.0,complete,6,HIGH_LOW_HIGH
11295,0.7627708198504692,0.1969698032006953,high,0.0335625897334878,0.0507551598918409,weak,0.5278465748826131,0.4313461918109972,moderate,0.6103324427929673,0.1305538669363612,trending,0.1567281016175278,0.1366925961415376,stable,0.0,0.0,complete,6,HIGH_LOW_HIGH
5948,0.7626037397143623,0.1944754958386352,high,0.0317358408500965,0.0344339012893699,weak,0.5255426048652705,0.4293668243708,moderate,0.5192210630629746,0.0199937830984673,random,0.2718797687724366,0.2237766592315657,stable,0.0,0.0,complete,6,HIGH_LOW_HIGH
5969,0.7625958418243053,0.1939999611229773,high,0.0270957987250431,0.0256016453120256,weak,0.5227003981218845,0.4268799260096589,moderate,0.5227337825947436,0.0231242693502568,random,0.2691378055709324,0.2219989533263867,stable,0.0,0.0,complete,6,HIGH_LOW_HIGH
8880,0.7625247525257499,0.1229053956289762,high,0.0416322844043243,0.0340515100934758,weak,0.7292228223651338,0.3659280183797744,strong,0.5439679500534255,0.1540041431775186,random,0.4167913016016489,0.2983432489717628,stable,0.0,0.0,complete,6,HIGH_LOW_HIGH
3253,0.7619582273922265,0.196821209950479,high,0.0127395405179473,0.0105994907424223,weak,0.5303316666513812,0.4335621989280863,moderate,0.5439181972985441,0.0381443477696677,random,0.1664588565788248,0.144415814394446,stable,0.0,0.0,complete,6,HIGH_LOW_HIGH
11296,0.7618105665148682,0.198244243925474,high,0.0253239000605276,0.0477055931735245,weak,0.4951043605265098,0.4050014394323538,moderate,0.504556821357614,0.0204107569017577,random,0.147350732306158,0.1302946107282047,stable,0.0,0.0,complete,6,HIGH_LOW_HIGH
5299,0.7617381980651385,0.1986074967309458,high,0.207164328943871,0.3535629433075087,weak,0.494616847711829,0.4141772629161138,moderate,0.6719934120637604,0.2263550688053783,trending,0.2170999120381621,0.2048088130350553,stable,0.0,0.0,complete,6,HIGH_LOW_HIGH
5970,0.7616970241272636,0.1946969092937003,high,0.0280812536591049,0.0254973311659882,weak,0.522656731728724,0.4268263810140756,moderate,0.5222926523973177,0.0222821432707476,random,0.2685570934110574,0.2216936303358151,stable,0.0,0.0,complete,6,HIGH_LOW_HIGH
3212,0.7615888896549022,0.1268463790339451,high,0.0220295516615202,0.0181266226296943,weak,0.7419762876210769,0.3716625405682838,strong,0.4529953856685393,0.1141535490243065,random,0.3583479074687206,0.2355797152308874,stable,0.0,0.0,complete,6,HIGH_LOW_HIGH
19946,0.7612428252438894,0.2092188238788039,high,0.0233643701162033,0.0369559994592614,weak,0.4873940729528074,0.4049612077445195,moderate,0.5569646645728787,0.0849645975136646,random,0.1923324154322097,0.2100013138575815,stable,0.0,0.0,complete,6,HIGH_LOW_HIGH
685,0.7612405444541358,0.2044157133175667,high,0.1768376858084172,0.2666868628302544,weak,0.4930151108129751,0.4133285283246671,moderate,0.5534134379658608,0.0644669815648095,random,0.5630873233722394,0.7493386449528961,moderate,0.0,0.0,complete,6,HIGH_LOW_HIGH
3213,0.7612134436125577,0.1277192743256343,high,0.0100565303938161,0.0136324924198671,weak,0.7379885751743205,0.369792534175933,strong,0.4557885556283092,0.1317108057728241,random,0.3617691253975297,0.2419966998516416,stable,0.0,0.0,complete,6,HIGH_LOW_HIGH
3249,0.761212370222752,0.1966412973515817,high,0.0173529775705817,0.0178976672955065,weak,0.5186365394359056,0.423895065115653,moderate,0.5467221444217968,0.0410973574895021,random,0.1767942554607193,0.1560872248081511,stable,0.0,0.0,complete,6,HIGH_LOW_HIGH
11126,0.7604556918893801,0.1203103517493892,high,0.0807294808207081,0.0424937920673252,weak,0.7432369831057528,0.3717705026856182,strong,0.3915389914814827,0.0621791368668879,mean_reverting,0.4157429564750922,0.2176707584962257,stable,0.0,0.0,complete,6,HIGH_LOW_HIGH
8958,0.7601138352234941,0.1200913430465632,high,0.0045329746810129,0.0076745913271144,weak,0.726906598418779,0.3636141883389683,strong,0.5151568493154475,0.0855128613790004,random,0.3943130252195337,0.2131847461808128,stable,0.0,0.0,complete,6,HIGH_LOW_HIGH
15138,0.7600909791885467,0.1243472009953857,high,0.0808314042482895,0.0580867334934796,weak,0.75350162225561,0.3774878652800061,strong,0.465898390474481,0.0474493286985739,random,0.3787211363304887,0.2047938563488964,stable,0.0,0.0,complete,6,HIGH_LOW_HIGH
15597,0.7597650746511169,0.1229560006531354,high,0.0008397514645229,0.0016795029290458,weak,0.7408733089817013,0.3710154394256293,strong,0.5084976523513183,0.0290119688678686,random,0.3425825576652103,0.1908462796056736,stable,0.0,0.0,complete,6,HIGH_LOW_HIGH
865,0.7595059366441184,0.2213033238234291,high,0.0799553354913945,0.0979248963616852,weak,0.4925933387895327,0.4220237710892903,moderate,0.4204780520082273,0.0676644660002247,random,0.2764932668403322,0.2536207027415992,stable,0.0,0.0,complete,6,HIGH_LOW_HIGH
11125,0.7594682687161348,0.1207985059654866,high,0.0815060377481381,0.0429827316416552,weak,0.742626899606642,0.3714684641159749,strong,0.3941685069220663,0.0638605721355535,mean_reverting,0.4151079610061989,0.2179488269299976,stable,0.0,0.0,complete,6,HIGH_LOW_HIGH
15137,0.7590952749257432,0.1231563681303534,high,0.1015617698712417,0.0737954296541976,weak,0.753196723498208,0.377047378761788,strong,0.4690422826686408,0.0483144913381654,random,0.3778279830155052,0.2060847240451839,stable,0.0,0.0,complete,6,HIGH_LOW_HIGH
864,0.7580686885410041,0.2233082760594438,high,0.0799563800535623,0.0979261724500965,weak,0.4859313199744585,0.4206346442908953,moderate,0.4238354250377634,0.0669838180586549,random,0.2783058400679524,0.2534727282041199,stable,0.0,0.0,complete,6,HIGH_LOW_HIGH
8524,0.7580488183106524,0.1228802785332562,high,0.0598221414249767,0.0431808968424558,weak,0.7512854708667273,0.3758977075468358,strong,0.5282134762520564,0.1026258011247778,random,0.3934470296506689,0.2076506219653754,stable,0.0,0.0,complete,6,HIGH_LOW_HIGH
8957,0.7579648281032005,0.1212814138464653,high,0.0052237162043856,0.0074364042590399,weak,0.7255490589186561,0.3630024722938203,strong,0.5128476986415974,0.0858400792654589,random,0.3955255773456166,0.2135009734850424,stable,0.0,0.0,complete,6,HIGH_LOW_HIGH
5280,0.7577764015603831,0.0198957696606384,high,0.063157830229587,0.0419152865947001,weak,0.9544711163261576,0.0117562254884436,strong,0.4574772192060992,0.0446077797487323,random,0.5894466431197353,0.1020169443247684,moderate,0.0,0.0,complete,6,HIGH_LOW_HIGH
14958,0.7572821397470422,0.1225136222645271,high,0.0783295459892492,0.0629658996451155,weak,0.7467523163490954,0.3735820946984365,strong,0.4447835996515009,0.0770184880088882,random,0.3418733528935308,0.1768637430832587,stable,0.0,0.0,complete,6,HIGH_LOW_HIGH
14946,0.757175647812919,0.1229224625257846,high,0.1202718249533017,0.0669540671492442,weak,0.7500824719165659,0.3752971837331496,strong,0.3739220779952165,0.06538299034816,mean_reverting,0.3561008061041998,0.182517070037264,stable,0.0,0.0,complete,6,HIGH_LOW_HIGH
3247,0.757128416913209,0.2002369041394681,high,0.0067378742885013,0.0088599717310852,weak,0.5129075933131946,0.4192306769476115,moderate,0.5527913094042949,0.0482509504493725,random,0.182336396282502,0.1549282159507012,stable,0.0,0.0,complete,6,HIGH_LOW_HIGH
9033,0.7569687444909918,0.2017256507677282,high,0.036012257492311,0.0720245149846221,weak,0.5119097162618705,0.4179940743891168,moderate,0.5637299116780449,0.0523678367644346,random,0.3046399181403814,0.3311964771600665,stable,0.0,0.0,complete,6,HIGH_LOW_HIGH
863,0.7569389562357076,0.225267897970759,high,0.0802256044979146,0.0982558976669205,weak,0.4819624356884825,0.4202137144570437,moderate,0.4221344693782208,0.0668431975476268,random,0.2754142533989623,0.2531854856348492,stable,0.0,0.0,complete,6,HIGH_LOW_HIGH
862,0.7566665343130712,0.2257160536895152,high,0.0808927590063022,0.0990730740758072,weak,0.4805941675643669,0.4201497895065832,moderate,0.4222471654194963,0.0664733187628819,random,0.2767698132621741,0.25305334146672,stable,0.0,0.0,complete,6,HIGH_LOW_HIGH
11124,0.7563767106444537,0.1221733296634045,high,0.1173122539788698,0.0613198347126238,weak,0.7512711498770824,0.3757114129637104,strong,0.3876268610614318,0.0578030900660153,mean_reverting,0.4169159243500311,0.2160530684033294,stable,0.0,0.0,complete,6,HIGH_LOW_HIGH
11123,0.7561445187748378,0.1222499367235802,high,0.1188850455799881,0.0623106579004083,weak,0.7514908708473469,0.3758143693909931,strong,0.386726917303064,0.0582630724356813,mean_reverting,0.4170485600487195,0.2159541069800352,stable,0.0,0.0,complete,6,HIGH_LOW_HIGH
8960,0.7560504534185117,0.1223345458364875,high,0.0054468796241427,0.0071506103685135,weak,0.7239256663686431,0.3623213643485797,strong,0.5193614829707057,0.0831288694221243,random,0.4021340985187703,0.2157553798245519,stable,0.0,0.0,complete,6,HIGH_LOW_HIGH
5281,0.7555402117707345,0.0226430153342397,high,0.049935932425523,0.0178508045901219,weak,0.9504334621337698,0.0162762777583787,strong,0.4424083042409689,0.050919542768105,random,0.5823203761239342,0.106421444822839,moderate,0.0,0.0,complete,6,HIGH_LOW_HIGH
687,0.7554805199047671,0.2176932828159702,high,0.1771645412003699,0.2885553941529312,weak,0.4082203505879233,0.4202601847611554,moderate,0.5310404070164451,0.0446298155865398,random,0.3514121940206084,0.3619706463069874,stable,0.0,0.0,complete,6,HIGH_LOW_HIGH
14951,0.7554417021916076,0.1225892270285543,high,0.1194569979192119,0.0627197322135448,weak,0.7478357994935697,0.3739775162295451,strong,0.3944072244500856,0.0721944978477531,mean_reverting,0.3491972319101209,0.1825282069052441,stable,0.0,0.0,complete,6,HIGH_LOW_HIGH
8959,0.7545430294049857,0.1230949675620771,high,0.0027091601460512,0.0035128011144569,weak,0.7229669820283964,0.3617913816804843,strong,0.5339044549439321,0.09280315668936,random,0.4014100067989766,0.2153337634879975,stable,0.0,0.0,complete,6,HIGH_LOW_HIGH
2182,0.7544795580506579,0.123122788762502,high,0.0196990133035711,0.037399447765765,weak,0.7128797988442606,0.3583558716176735,strong,0.4580946909345902,0.1597408874409955,random,0.4344561823810312,0.2218174046991616,stable,0.0,0.0,complete,6,HIGH_LOW_HIGH
8879,0.7543388008046767,0.1306038610862372,high,0.0321650280318365,0.0264953040177319,weak,0.7175892523255778,0.3607366873714514,strong,0.5596705449906829,0.1531421637043445,random,0.4116457594088702,0.2945070501169638,stable,0.0,0.0,complete,6,HIGH_LOW_HIGH
5504,0.7542983456175676,0.1236791845419667,high,0.073261071976793,0.0689665759685137,weak,0.7468099109131986,0.3736677265515076,strong,0.4199984186570346,0.0447488282916912,random,0.3916580730769768,0.1995434698679252,stable,0.0,0.0,complete,6,HIGH_LOW_HIGH
15143,0.7542087204535038,0.1252129339946852,high,0.048510304273688,0.0330177878431907,weak,0.7370258850310221,0.3689127247893901,strong,0.4756810688891539,0.0408732959765073,random,0.3776361107334322,0.2100135354519155,stable,0.0,0.0,complete,6,HIGH_LOW_HIGH
861,0.7533505084290608,0.2313191778108366,high,0.0796684182570222,0.0975735097287138,weak,0.4735985026212811,0.4194182532729724,moderate,0.4245309476914235,0.0669509223036603,random,0.2901460872549033,0.2533822378540417,stable,0.0,0.0,complete,6,HIGH_LOW_HIGH
14947,0.7531364292221412,0.1262749255218329,high,0.1169402740406846,0.0694490175176028,weak,0.7458906235585311,0.373618438718637,strong,0.3833750215129275,0.0702633722479277,mean_reverting,0.347038823920502,0.1815508095930366,stable,0.0,0.0,complete,6,HIGH_LOW_HIGH
860,0.7527671113825427,0.231433733415749,high,0.0794992212471987,0.0973682616532879,weak,0.4745431523241897,0.4192170691139897,moderate,0.4265107911089103,0.0665014277790642,random,0.2901744883748697,0.2534755181332148,stable,0.0,0.0,complete,6,HIGH_LOW_HIGH
11820,0.7527003418794044,0.1251961065930772,high,0.0,0.0,weak,0.6791830308171416,0.3409520584160555,strong,0.4968138286245764,0.0503176362609434,random,0.448486856680317,0.2573704133456784,stable,0.0,0.0,complete,6,HIGH_LOW_HIGH
859,0.7526707069923476,0.2316321209457821,high,0.0800158820495989,0.0980024582230458,weak,0.4713293889761184,0.4192492657961615,moderate,0.4223621652096048,0.0658579839731341,random,0.2804991936177551,0.2528730704115528,stable,0.0,0.0,complete,6,HIGH_LOW_HIGH
858,0.7524864073415893,0.232095510293509,high,0.0805126556081815,0.0986074703568205,weak,0.4716771268184606,0.4193200666310374,moderate,0.4267322624310928,0.0656938677854338,random,0.2800662832570536,0.2528286420212385,stable,0.0,0.0,complete,6,HIGH_LOW_HIGH
4237,0.7523923302552689,0.2077027699538086,high,0.0272391010606855,0.054478202121371,weak,0.4447944483558406,0.3634665144314223,moderate,0.4848037050699518,0.052661393993246,random,0.2007064096563701,0.194876261055882,stable,0.0,0.0,complete,6,HIGH_LOW_HIGH
14954,0.7523322715889925,0.1242881402034369,high,0.093575498474233,0.0533820173553787,weak,0.7298989757415756,0.3652220817309078,strong,0.4082690368213121,0.0575593834971731,random,0.3505499294992182,0.1850404094779701,stable,0.0,0.0,complete,6,HIGH_LOW_HIGH
4238,0.7522922633769193,0.2085085750607145,high,0.0201713698434163,0.0403427396868327,weak,0.4433570132973136,0.3623033922412272,moderate,0.4761179672510042,0.0550392548110632,random,0.2004040575490096,0.1952434742968689,stable,0.0,0.0,complete,6,HIGH_LOW_HIGH
2181,0.7520599958384308,0.1248720772888654,high,0.0219646390360164,0.0402357861859594,weak,0.7121778109841588,0.3588520119864896,strong,0.454306671843578,0.1657383719139712,random,0.4307538332481168,0.2202304021231892,stable,0.0,0.0,complete,6,HIGH_LOW_HIGH
14953,0.7518405898656013,0.1247426556063037,high,0.0721232819187752,0.0458927569825536,weak,0.7111793602623981,0.3589785569351459,strong,0.4124669636538495,0.0574655395741623,random,0.3520792900016042,0.1851192219341157,stable,0.0,0.0,complete,6,HIGH_LOW_HIGH
5501,0.75152786771773,0.1250488904287732,high,0.0749381701439072,0.0691719184680655,weak,0.7421248903242985,0.3714291904367658,strong,0.4077964434449564,0.0498126001601068,random,0.388659384212606,0.1988075523474736,stable,0.0,0.0,complete,6,HIGH_LOW_HIGH
5503,0.7513282998394134,0.1254614881524672,high,0.0674551414389218,0.0697672763215299,weak,0.742320825066663,0.3715256917683065,strong,0.4206866030317661,0.0429367489713941,random,0.3895628605498717,0.1993253833114101,stable,0.0,0.0,complete,6,HIGH_LOW_HIGH
13431,0.7512768883437657,0.1377796770365857,high,0.0410014676511369,0.0245835576068983,weak,0.7359903075186912,0.3702334054356599,strong,0.3947892096941294,0.1224365100668218,mean_reverting,0.3390928824616311,0.1975758861394349,stable,0.0,0.0,complete,6,HIGH_LOW_HIGH
2180,0.7512038651991947,0.1247825962096655,high,0.0232535061884496,0.0405032153808217,weak,0.7140422914165561,0.3584591967517355,strong,0.4594940022960839,0.1733786481610663,random,0.4358892611262187,0.2218447158618147,stable,0.0,0.0,complete,6,HIGH_LOW_HIGH
15556,0.7505970624988907,0.1390277522041889,high,0.2463249763846888,0.2298453858861232,weak,0.7427422833051874,0.372399690999909,strong,0.4623630775565112,0.0867294300313782,random,1.2345611774297336,1.7807821313311638,variable,0.0,0.0,complete,6,HIGH_LOW_HIGH
11813,0.7505540343856097,0.1264079794698774,high,0.0,0.0,weak,0.6814496727059195,0.3419185793279725,strong,0.5099247939408965,0.0665906141513187,random,0.4430217237354178,0.2607187046503391,stable,0.0,0.0,complete,6,HIGH_LOW_HIGH
9709,0.7497455592731198,0.1289331067100462,medium,0.0843971114492427,0.0762487976488329,weak,0.7394239861635039,0.3699813099547013,strong,0.4660997872587294,0.0543181623117512,random,0.3649949096633063,0.2006732932896908,stable,0.0,0.0,complete,6,HIGH_LOW_HIGH
21880,0.7497345981728291,0.0198579638878726,medium,0.0194601583666554,0.0205575323328929,weak,0.9146082448579442,0.0163303330525015,strong,0.3035535926889368,0.0197807546103316,mean_reverting,0.4293591922057082,0.0763149197424962,stable,0.0,0.0,complete,6,HIGH_LOW_HIGH
1732,0.7495581917430494,0.205769627709582,medium,0.0280799370692781,0.0272288148988493,weak,0.515995174775554,0.4219924180236238,moderate,0.5315958556604674,0.028637033987737,random,0.2368440605512209,0.2139620601161146,stable,0.0,0.0,complete,6,HIGH_LOW_HIGH
1734,0.7495057353667693,0.2059835408154329,medium,0.0257263835737446,0.0249348143828124,weak,0.51481296639738,0.4210929015591363,moderate,0.5206165830029746,0.0169119682719476,random,0.2300688033367079,0.2143160407892201,stable,0.0,0.0,complete,6,HIGH_LOW_HIGH
3527,0.7493895956425934,0.2118821404633492,medium,0.0355863007159047,0.0428023872528319,weak,0.4857340813778132,0.3993639429070569,moderate,0.4575307340134594,0.0779836656060322,random,0.1638961663470429,0.1983923599785611,stable,0.0,0.0,complete,6,HIGH_LOW_HIGH
15596,0.7486655978538834,0.130856270566453,medium,0.0,0.0,weak,0.7294699703529534,0.3661720507650705,strong,0.5471925166020484,0.0353409692043653,random,0.3396880624295532,0.19384671978819,stable,0.0,0.0,complete,6,HIGH_LOW_HIGH
1733,0.7482691347133286,0.2070457162293538,medium,0.0300877444278678,0.0281929965664787,weak,0.5166968434948683,0.4225846367130383,moderate,0.5389885811079694,0.0394796666239359,random,0.2339880419065929,0.2136041640698147,stable,0.0,0.0,complete,6,HIGH_LOW_HIGH
5527,0.74825727126068,0.1267550011834705,medium,0.0368072423360018,0.0543011594638211,weak,0.7288539839488383,0.3649106793177241,strong,0.4128903750101768,0.0448082078482214,random,0.3947929549947669,0.2031777375493459,stable,0.0,0.0,complete,6,HIGH_LOW_HIGH
1735,0.7481026351082545,0.2070502584131649,medium,0.0287102626479337,0.0264921645170351,weak,0.514932319382149,0.4211356171340402,moderate,0.5195621056858544,0.0161923776995086,random,0.2321348421824964,0.2139920931450515,stable,0.0,0.0,complete,6,HIGH_LOW_HIGH
15136,0.7480120695982274,0.1323654540354745,medium,0.0700512223981432,0.0605735875763578,weak,0.7423161245563812,0.3726111399084739,strong,0.470452918014251,0.0476250608606964,random,0.3803011545765595,0.2067594191164648,stable,0.0,0.0,complete,6,HIGH_LOW_HIGH
8951,0.7470674190379687,0.1267751795082574,medium,0.0017216158137927,0.0021336698005393,weak,0.7063405539676297,0.3535479671530928,strong,0.5180361519611385,0.0862731526231435,random,0.4127401759026033,0.2188967349426087,stable,0.0,0.0,complete,6,HIGH_LOW_HIGH
3214,0.747008788150257,0.1427351298698448,medium,0.0120671491004789,0.018505553817123,weak,0.7325168248675518,0.3676099149809795,strong,0.4636658896242961,0.1388749067614647,random,0.3685957389313844,0.2368594459330304,stable,0.0,0.0,complete,6,HIGH_LOW_HIGH
5526,0.7469282541789903,0.1267789122457573,medium,0.0746659017433906,0.0586823857620867,weak,0.7383126619784076,0.3693581738412883,strong,0.4180203749605019,0.0454441368364175,random,0.3872291999526014,0.2003955862461432,stable,0.0,0.0,complete,6,HIGH_LOW_HIGH
3950,0.7466249830411302,0.1270561629085722,medium,0.0,0.0,weak,0.6839867557525484,0.3431764409200371,strong,0.5204150127614985,0.0996201329342909,random,0.3704280723080908,0.2035123191904422,stable,0.0,0.0,complete,6,HIGH_LOW_HIGH
5528,0.7465649965000617,0.1278752550244231,medium,0.043300056641009,0.055726427896347,weak,0.7307559109134693,0.3658873362047675,strong,0.4196411570105914,0.0410008836350377,random,0.3933740918517541,0.2036965328614204,stable,0.0,0.0,complete,6,HIGH_LOW_HIGH
22374,0.7463085620385895,0.218767918233946,medium,0.052549729598329,0.0905246933040011,weak,0.5512147578419053,0.4511425385714565,moderate,0.7540698573007387,0.2112457804512931,trending,0.2739692331720369,0.3020153407637586,stable,0.0,0.0,complete,6,HIGH_LOW_HIGH
1727,0.7455518077530882,0.2091510250826361,medium,0.0254089167777684,0.0262524643587185,weak,0.5128600973347393,0.4193048883143043,moderate,0.5538083755658656,0.0590479737179223,random,0.2373396246787083,0.2161781177469689,stable,0.0,0.0,complete,6,HIGH_LOW_HIGH
22375,0.7455184966328193,0.2393599086193001,medium,0.0296655588952102,0.0274473535769894,weak,0.5531903856414637,0.4526469513272348,moderate,0.7272177788269344,0.1859115927732003,trending,0.2813758894690409,0.3087176694541516,stable,0.0,0.0,complete,6,HIGH_LOW_HIGH
11765,0.7452903122799117,0.2081895311404618,medium,0.0065416019779878,0.0101116152393516,weak,0.4235582805778081,0.3466059851668081,moderate,0.4862902925585837,0.0180185931172061,random,0.3546169302294439,0.3382283341993335,stable,0.0,0.0,complete,6,HIGH_LOW_HIGH
8952,0.7451822034209085,0.1277832716261946,medium,0.0002647983949039,0.0005295967898078,weak,0.7032524055278446,0.3519218242989506,strong,0.5311478679586644,0.084525228390671,random,0.4111588206130229,0.2168036199463501,stable,0.0,0.0,complete,6,HIGH_LOW_HIGH
10492,0.7451343215158568,0.2210899649931685,medium,0.0113713109654494,0.0227426219308989,weak,0.5040111959577391,0.4134643866666922,moderate,0.6048307193055777,0.1273540719339621,trending,0.2144155478212706,0.1838537492780128,stable,0.0,0.0,complete,6,HIGH_LOW_HIGH
14952,0.7450215567693089,0.13140809138182,medium,0.1137748238929332,0.0598324266475243,weak,0.7405006696059129,0.3707998570913555,strong,0.383990137511745,0.0648421982478477,mean_reverting,0.3445107060819432,0.1824429459092347,stable,0.0,0.0,complete,6,HIGH_LOW_HIGH
3936,0.744727266536478,0.1387906917100619,medium,0.178787824949295,0.3575756498985901,weak,0.53792697898651,0.4341825404658999,moderate,0.4294557742427612,0.0761627722864779,random,0.7693943971947829,0.8088649365376858,moderate,0.0,0.0,complete,6,HIGH_LOW_HIGH
5502,0.7446874116671565,0.1309918721920852,medium,0.0770178206321217,0.0683981616985146,weak,0.7364262713243723,0.3693783489752588,strong,0.416341929272083,0.0465937604251879,random,0.3930641862992374,0.2004380931255018,stable,0.0,0.0,complete,6,HIGH_LOW_HIGH
1027,0.7436731754188929,0.1303297401171879,medium,0.1065124723515678,0.06229963170937,weak,0.7356328245698901,0.368554362552022,strong,0.382363904194308,0.0592275157507742,mean_reverting,0.3729676533206677,0.2188964614276825,stable,0.0,0.0,complete,6,HIGH_LOW_HIGH
3949,0.7436526766513718,0.1286667449302784,medium,0.0019469745275315,0.0038939490550631,weak,0.6851917656000523,0.3436453527246011,strong,0.5155336014306904,0.1018007084507896,random,0.3672349971932636,0.1993493446902072,stable,0.0,0.0,complete,6,HIGH_LOW_HIGH
5525,0.7433951638333773,0.1291492719353756,medium,0.0660434338450239,0.0656427324532599,weak,0.7316487528993602,0.3664006252673961,strong,0.4186773435433763,0.0471881724020234,random,0.3886192284253841,0.2000133411613838,stable,0.0,0.0,complete,6,HIGH_LOW_HIGH
8890,0.7431376738332126,0.1552499411022126,medium,0.0833424880966797,0.044129886460219,weak,0.7082664522643013,0.3619863116499993,strong,0.4047178171617346,0.0829435858401321,random,0.3835396786926675,0.2556034324699393,stable,0.0,0.0,complete,6,HIGH_LOW_HIGH
14941,0.7427512902291153,0.1337046737553137,medium,0.0908701534167784,0.0540763822165698,weak,0.7387542375594325,0.3706086915618942,strong,0.4507202319941553,0.0908342937937181,random,0.3597270201267736,0.1833964809304541,stable,0.0,0.0,complete,6,HIGH_LOW_HIGH
1804,0.7425476003887013,0.2119917920724176,medium,0.0259524254656803,0.0261577549478323,weak,0.5095864338227127,0.416846223477842,moderate,0.5547859660163196,0.0616550801978357,random,0.2379763433561187,0.2168126627695541,stable,0.0,0.0,complete,6,HIGH_LOW_HIGH
8953,0.7425181208655447,0.129076009922946,medium,0.0018598444148371,0.0037196888296743,weak,0.7083459766801808,0.3543798718736655,strong,0.5032106744368801,0.0935789583232114,random,0.4086096924264876,0.2147165333955301,stable,0.0,0.0,complete,6,HIGH_LOW_HIGH
8954,0.7422212090272053,0.1293540574604642,medium,0.0017096056276983,0.0034192112553967,weak,0.7089349288330205,0.3546867651521709,strong,0.5030477802079651,0.0931699264988032,random,0.4085466826442929,0.2140476182091512,stable,0.0,0.0,complete,6,HIGH_LOW_HIGH
3976,0.7419162595466022,0.1354250608819333,medium,0.1926541092651641,0.381458216384972,weak,0.6598620707435466,0.3399650815439407,strong,0.538572202207781,0.2360039230583702,random,0.7331756796776217,0.7390765536818227,moderate,0.0,0.0,complete,6,HIGH_LOW_HIGH
11217,0.7415867269043275,0.1371762244600962,medium,0.027867736786707,0.027788732817558,weak,0.7618421437156814,0.3854434149198784,strong,0.8145347948002126,0.2283071706263507,trending,0.6215188720643182,0.4722229260301263,moderate,0.0,0.0,complete,6,HIGH_LOW_HIGH
4789,0.7405409869784092,0.1366996547299984,medium,0.0,0.0,weak,0.6270322370667757,0.3157894557348896,strong,0.3761276473221824,0.0728858101947376,mean_reverting,0.3078420033399297,0.1680040043393905,stable,0.0,0.0,complete,6,HIGH_LOW_HIGH
13433,0.7403263744696595,0.152400462812201,medium,0.0446888506279622,0.0310587566139753,weak,0.7196232553258424,0.3673076443660672,strong,0.3863494296458133,0.1113432549584773,mean_reverting,0.3296020157166019,0.2010937355089955,stable,0.0,0.0,complete,6,HIGH_LOW_HIGH
15677,0.7402317597502306,0.1301928175785535,medium,0.3197687030237136,0.3492666397049446,moderate,0.7577955787254318,0.379932080748935,strong,0.3915621497751588,0.0615225235344679,mean_reverting,0.7263614822001956,0.7683735817405382,moderate,0.0,0.0,complete,6,HIGH_LOW_HIGH
6971,0.7401063866843499,0.2125202741771702,medium,0.0,0.0,weak,0.4660218016572696,0.3831859022573362,moderate,0.5929800147321378,0.0973437953708882,random,0.3362372590304085,0.3287841762248732,stable,0.0,0.0,complete,6,HIGH_LOW_HIGH
21876,0.7400345017963736,0.0279588857589354,medium,0.0209839232153359,0.0228320634857956,weak,0.8601842877226128,0.0864932338596402,strong,0.3217290574314534,0.01236489644119,mean_reverting,0.4422613565289859,0.07027637170528,stable,0.0,0.0,complete,6,HIGH_LOW_HIGH
1729,0.7400294124115702,0.214151807102561,medium,0.0170088973500044,0.0195120788745156,weak,0.5031460657211794,0.4116151961082614,moderate,0.5393223211657591,0.0468615037643357,random,0.2340370946072472,0.2153190388772581,stable,0.0,0.0,complete,6,HIGH_LOW_HIGH
3961,0.7397874752996277,0.1345095062664613,medium,0.1880005140231465,0.367924587861454,weak,0.6167963114497684,0.3491876451597173,strong,0.4777872435293931,0.1098707243275411,random,0.7134983473037421,0.7141256080917054,moderate,0.0,0.0,complete,6,HIGH_LOW_HIGH
17046,0.9440299573008928,0.1119400853982146,high,0.155831799321778,0.3116635986435561,weak,0.1997508516656002,0.3995017033312004,weak,0.6,0.2,random,0.2678092822511301,0.5356185645022602,stable,0.0,0.0,complete,24,LOW_LOW_HIGH
17752,0.9433869585977496,0.1132260828045004,high,0.0474719404530907,0.0949438809061815,weak,0.1941750551723917,0.3883501103447834,weak,0.6,0.2,random,0.3666767505443563,0.7333535010887126,stable,0.0,0.0,complete,24,LOW_LOW_HIGH
18035,0.943239919691166,0.113520160617668,high,0.0,0.0,weak,0.1971498993836039,0.3942997987672078,weak,0.6,0.2,random,0.2012848319368899,0.4025696638737798,stable,0.0,0.0,complete,24,LOW_LOW_HIGH
17028,0.9310382237752356,0.1379235524495286,high,0.0031804727889709,0.0063609455779419,weak,0.1983580951624039,0.3967161903248078,weak,0.6,0.2,random,0.2300783874736215,0.460156774947243,stable,0.0,0.0,complete,24,LOW_LOW_HIGH
5634,0.9286520880929612,0.1426958238140777,high,0.0,0.0,weak,0.1894646773022124,0.3789293546044249,weak,0.5711118179479433,0.1422236358958866,random,0.2855579935200772,0.5711159870401545,stable,0.0,0.0,complete,24,LOW_LOW_HIGH
9841,0.923774905599247,0.1524501888015061,high,0.0335166935149876,0.0670333870299752,weak,0.1849838359686515,0.369967671937303,weak,0.6,0.2,random,0.3496182803616396,0.6992365607232792,stable,0.0,0.0,complete,24,LOW_LOW_HIGH
22392,0.907885221406628,0.1842295571867439,high,0.0061582762190664,0.0123165524381328,weak,0.1940917894895901,0.3881835789791801,weak,0.6,0.2,random,0.1832712845367543,0.3665425690735085,stable,0.0,0.0,complete,24,LOW_LOW_HIGH
17531,0.9037454392430704,0.1925091215138593,high,0.0120725266195229,0.0241450532390458,weak,0.1843739450416061,0.3687478900832123,weak,0.6,0.2,random,0.0634747290932644,0.1269494581865289,stable,0.0,0.0,complete,24,LOW_LOW_HIGH
3102,0.9012029736667144,0.1975940526665707,high,0.0028735408382336,0.0057470816764673,weak,0.193384092989537,0.3867681859790741,weak,0.6,0.2,random,0.0834132636724648,0.1668265273449297,stable,0.0,0.0,complete,24,LOW_LOW_HIGH
17033,0.8982428097958837,0.2035143804082327,high,0.0019453913989105,0.003890782797821,weak,0.1955476353770776,0.3910952707541553,weak,0.6,0.2,random,0.1343957676298249,0.2687915352596499,stable,0.0,0.0,complete,24,LOW_LOW_HIGH
17069,0.8944368789672972,0.2111262420654058,high,0.0072119295211713,0.0144238590423427,weak,0.1865686256723112,0.3731372513446225,weak,0.6,0.2,random,0.0996380564130899,0.1992761128261798,stable,0.0,0.0,complete,24,LOW_LOW_HIGH
17032,0.8916653602549139,0.2166692794901722,high,0.0075136908254657,0.0150273816509314,weak,0.1944459463510098,0.3888918927020197,weak,0.6,0.2,random,0.136047655271822,0.2720953105436441,stable,0.0,0.0,complete,24,LOW_LOW_HIGH
6461,0.8912533256345174,0.2174933487309649,high,0.0122940202133568,0.0245880404267137,weak,0.1426398997784806,0.2852797995569612,weak,0.5464608643518682,0.0929217287037366,random,0.134824778325332,0.269649556650664,stable,0.0,0.0,complete,24,LOW_LOW_HIGH
5429,0.8895999005789303,0.2208001988421392,high,0.0,0.0,weak,0.1833756682935982,0.3667513365871964,weak,0.6,0.2,random,0.045890702310022,0.091781404620044,stable,0.0,0.0,complete,24,LOW_LOW_HIGH
18036,0.8879519184638578,0.2240961630722845,high,0.0107692747248606,0.0215385494497213,weak,0.183562679287046,0.3671253585740921,weak,0.6,0.2,random,0.0989438910561495,0.1978877821122991,stable,0.0,0.0,complete,24,LOW_LOW_HIGH
3103,0.8817453153152733,0.2365093693694532,high,0.0225086882342404,0.0450173764684808,weak,0.1940592910770477,0.3881185821540955,weak,0.6,0.2,random,0.0896768485158689,0.1793536970317379,stable,0.0,0.0,complete,24,LOW_LOW_HIGH
17579,0.8807162465168835,0.238567506966233,high,0.0129170828901398,0.0258341657802797,weak,0.1812837828117594,0.3625675656235188,weak,0.6,0.2,random,0.0974853243686277,0.1949706487372554,stable,0.0,0.0,complete,24,LOW_LOW_HIGH
5431,0.8785235063900018,0.2429529872199965,high,0.0183730756381603,0.0367461512763207,weak,0.1754054650306871,0.3508109300613742,weak,0.5944415759743992,0.1888831519487983,random,0.0401667077300608,0.0803334154601216,stable,0.0,0.0,complete,24,LOW_LOW_HIGH
5425,0.878100557788495,0.2437988844230095,high,0.0241239457405008,0.0482478914810016,weak,0.1813432482184083,0.3626864964368166,weak,0.6,0.2,random,0.0435812306445187,0.0871624612890375,stable,0.0,0.0,complete,24,LOW_LOW_HIGH
9573,0.8777280895539809,0.1522410772798831,high,0.0,0.0,weak,0.3571245754503057,0.4382102238381719,moderate,0.5045898498373449,0.0172363212361454,random,0.1375591243031833,0.2025465703100895,stable,0.0,0.0,complete,24,LOW_LOW_HIGH
5426,0.8768275843764446,0.2463448312471108,high,0.0048613664812124,0.0097227329624249,weak,0.183300586116665,0.36660117223333,weak,0.6,0.2,random,0.0431483360663608,0.0862966721327217,stable,0.0,0.0,complete,24,LOW_LOW_HIGH
5379,0.8755382527231159,0.1528461619826386,high,0.0271588076458959,0.0543176152917919,weak,0.3695618071953664,0.4531217784370638,moderate,0.5302625013475117,0.2109597122907282,random,0.3580296551487714,0.4459976510775043,stable,0.0,0.0,complete,24,LOW_LOW_HIGH
17047,0.8744221325719685,0.2511557348560628,high,0.004418163126642,0.008836326253284,weak,0.1897193477230769,0.3794386954461539,weak,0.5951319983569648,0.1902639967139298,random,0.1368747705564785,0.273749541112957,stable,0.0,0.0,complete,24,LOW_LOW_HIGH
5424,0.8743204193257045,0.2513591613485911,high,0.0139192569401526,0.0278385138803052,weak,0.1745883288442879,0.3491766576885758,weak,0.6,0.2,random,0.0412274272704194,0.0824548545408389,stable,0.0,0.0,complete,24,LOW_LOW_HIGH
19543,0.874186968930473,0.15413426258154,high,0.0,0.0,weak,0.3469165166640595,0.424889178656907,moderate,0.4864112446754365,0.0832549078532785,random,0.2602317158302584,0.3218272619516087,stable,0.0,0.0,complete,24,LOW_LOW_HIGH
13646,0.8734284769111286,0.1557987691070344,high,0.0189859339718371,0.0243250612118756,weak,0.3465373337838342,0.4245212612886185,moderate,0.5506887020524491,0.0641263607778865,random,0.1624425898149225,0.2451072725213474,stable,0.0,0.0,complete,24,LOW_LOW_HIGH
20429,0.8705943147709464,0.1585671219072079,high,0.0,0.0,weak,0.34426937855541,0.4216668983816457,moderate,0.4421530751495348,0.0709364545110549,random,0.2683421088542352,0.3317321931626251,stable,0.0,0.0,complete,24,LOW_LOW_HIGH
5427,0.8704838794484328,0.2590322411031346,high,0.0181688281720845,0.0363376563441691,weak,0.1816336080853662,0.3632672161707325,weak,0.6,0.2,random,0.0498724191069168,0.0997448382138336,stable,0.0,0.0,complete,24,LOW_LOW_HIGH
21124,0.870158085303671,0.1591006864101515,high,0.0347011526317314,0.0438918916639855,weak,0.3596950878977042,0.4405558249468682,moderate,0.444605248254169,0.0687912859207526,random,0.1316455494276015,0.1714383469720886,stable,0.0,0.0,complete,24,LOW_LOW_HIGH
13304,0.8693055481123434,0.1606069676196553,high,0.0001915177872142,0.0003830355744285,weak,0.3466827736198651,0.4247713034901729,moderate,0.4948966732429946,0.0141549210322303,random,0.2643836470519522,0.3283125549530651,stable,0.0,0.0,complete,24,LOW_LOW_HIGH
18948,0.8690503217741545,0.1618317836728582,high,0.0,0.0,weak,0.351892669038943,0.4311831046603437,moderate,0.5262229529381883,0.0884623355067284,random,0.2386605044409213,0.2949317552425007,stable,0.0,0.0,complete,24,LOW_LOW_HIGH
19544,0.8685446631719127,0.1611131300330348,high,0.0,0.0,weak,0.3536956016938943,0.433193103918066,moderate,0.5657817836060131,0.0825895018468684,random,0.297898550849904,0.3661692414496607,stable,0.0,0.0,complete,24,LOW_LOW_HIGH
15153,0.8679890231663709,0.1617682713954464,high,0.0268847172750938,0.0330161478055621,weak,0.3554811055158783,0.4354134820475316,moderate,0.4372054307839704,0.0769797205727171,random,0.2791809686021967,0.3481242510691233,stable,0.0,0.0,complete,24,LOW_LOW_HIGH
9117,0.8673749078993834,0.265250184201233,high,0.001922870019183,0.0038457400383661,weak,0.1258573515881589,0.2517147031763179,weak,0.6,0.2,random,0.0835454630332793,0.1670909260665586,stable,0.0,0.0,complete,24,LOW_LOW_HIGH
17996,0.8656495361281055,0.1652826927183137,high,0.0025156214688931,0.0050312429377863,weak,0.3542402083950263,0.4339906200743421,moderate,0.5683529123303994,0.0839790007567987,random,0.2833361961413615,0.3627841766351189,stable,0.0,0.0,complete,24,LOW_LOW_HIGH
13455,0.8655675463854745,0.1651017285915773,high,0.0,0.0,weak,0.3425473984068501,0.4195700690110651,moderate,0.4948356575063794,0.0112743986630727,random,0.2449087636705419,0.3068227367296143,stable,0.0,0.0,complete,24,LOW_LOW_HIGH
11129,0.8653306136267226,0.1650529230461218,high,0.028053362027826,0.0369369870248302,weak,0.353918024471215,0.433539514679024,moderate,0.4370067682876341,0.0798351010325731,random,0.2821384393745826,0.3515960211899931,stable,0.0,0.0,complete,24,LOW_LOW_HIGH
18963,0.8652786042587245,0.1654731708162191,high,0.0,0.0,weak,0.3428586615458722,0.4199351977931505,moderate,0.4854801268847189,0.076935185673883,random,0.1951962685959256,0.2821168392288465,stable,0.0,0.0,complete,24,LOW_LOW_HIGH
14957,0.8652193678973943,0.1652599947783435,high,0.0,0.0,weak,0.3416651034622983,0.4184724880560423,moderate,0.444880777107088,0.0821371318769001,random,0.2599519253118069,0.3198508994204957,stable,0.0,0.0,complete,24,LOW_LOW_HIGH
1349,0.8647087452550387,0.1664921849259898,high,0.0004454217177124,0.0008908434354248,weak,0.3421354107047872,0.4190958761198784,moderate,0.4638315056266791,0.0851431671249409,random,0.2406772484957542,0.3048958405244351,stable,0.0,0.0,complete,24,LOW_LOW_HIGH
20430,0.8641680912556889,0.1663878944264022,high,0.0,0.0,weak,0.3461008930107804,0.4238875423113307,moderate,0.563626498691897,0.0786637240342976,random,0.2969097081939216,0.3675983627307008,stable,0.0,0.0,complete,24,LOW_LOW_HIGH
18498,0.8634903142949906,0.1690581597659395,high,0.0,0.0,weak,0.320872553968798,0.3934866774114913,moderate,0.5003072613817012,0.0470982612158407,random,0.2842326298262184,0.350046146936067,stable,0.0,0.0,complete,24,LOW_LOW_HIGH
13319,0.8633862609988775,0.1674028041858636,high,0.0,0.0,weak,0.3570767469133162,0.4373339344332156,moderate,0.5666776072070889,0.0841669528126762,random,0.2759879352925873,0.342602411687618,stable,0.0,0.0,complete,24,LOW_LOW_HIGH
14979,0.8633188798634535,0.1675837216615626,high,0.0,0.0,weak,0.3515098321062735,0.4305498925907852,moderate,0.5786686780626566,0.0979713619707771,random,0.3075948527205536,0.3792511374852843,stable,0.0,0.0,complete,24,LOW_LOW_HIGH
4993,0.8629122385307362,0.1682605637798792,high,0.0,0.0,weak,0.3456430223417538,0.4233483286929383,moderate,0.5361601545546676,0.1176654627026614,random,0.2747379718736363,0.3364918593255347,stable,0.0,0.0,complete,24,LOW_LOW_HIGH
16439,0.8625616717085544,0.1685136950919448,high,0.0018483590676952,0.0036967181353904,weak,0.3432867206862386,0.420449431364627,moderate,0.4838145335638391,0.068638199822622,random,0.2538229657837112,0.3160365628951705,stable,0.0,0.0,complete,24,LOW_LOW_HIGH
6600,0.8622408647903281,0.1699332015710581,high,0.0,0.0,weak,0.3343107376503589,0.4100179224449395,moderate,0.5475222996138471,0.0810140939484348,random,0.2864674095320859,0.3522297991680465,stable,0.0,0.0,complete,24,LOW_LOW_HIGH
8453,0.8620326975023467,0.1699407024187077,high,0.0073613199629529,0.0097840183673801,weak,0.3641884489887638,0.4477686302212164,moderate,0.6312377650238586,0.1940506089914986,trending,0.4151644010305063,0.5434423559683029,stable,0.0,0.0,complete,24,LOW_LOW_HIGH
21122,0.8620169799037427,0.1698845513460889,high,0.0282035822301656,0.0361502238516484,weak,0.3527113922004223,0.4322392655893868,moderate,0.4425969921800481,0.0704321021239618,random,0.1273340281696521,0.1687849806068531,stable,0.0,0.0,complete,24,LOW_LOW_HIGH
14980,0.8619977613309061,0.1694303876052623,high,0.0006142096565483,0.0012284193130967,weak,0.3431043561593579,0.4202393533724033,moderate,0.5277508384992238,0.0614473012611376,random,0.2834860698529545,0.3472825510333147,stable,0.0,0.0,complete,24,LOW_LOW_HIGH
15073,0.8615805270367434,0.169778652515609,high,0.0,0.0,weak,0.3473005202585293,0.425381251664287,moderate,0.6213402849294163,0.1512100662850873,trending,0.3791084014968146,0.4780930359942277,stable,0.0,0.0,complete,24,LOW_LOW_HIGH
17211,0.8615491129203627,0.1701610930570155,high,0.000714239234303,0.0014284784686061,weak,0.3445981813502026,0.4220724065134277,moderate,0.4890842815144454,0.1102102527931958,random,0.2542634082648133,0.3178151357933451,stable,0.0,0.0,complete,24,LOW_LOW_HIGH
10825,0.8612617776351513,0.2774764447296972,high,0.0204898912194291,0.0409797824388582,weak,0.0228573732191225,0.0457147464382451,weak,0.5373159928826959,0.0746319857653919,random,0.1837418674246052,0.3674837348492104,stable,0.0,0.0,complete,24,LOW_LOW_HIGH
19945,0.8612229081542248,0.174615577877185,high,0.0638857288521615,0.0783787513523208,weak,0.366105367906114,0.448956315325779,moderate,0.5214231648907246,0.0835149969057388,random,0.1544287832077856,0.2147866788202597,stable,0.0,0.0,complete,24,LOW_LOW_HIGH
20414,0.8611684487391044,0.1700423060640833,high,0.0,0.0,weak,0.3457792871028063,0.4234966009491499,moderate,0.5593598039724668,0.0767222681008621,random,0.2954574163773893,0.363369244962428,stable,0.0,0.0,complete,24,LOW_LOW_HIGH
16621,0.860724384892355,0.2785512302152899,high,0.0175623768127703,0.0351247536255407,weak,0.1622949686467436,0.3245899372934872,weak,0.5987717486227209,0.1975434972454417,random,0.0274906598861993,0.0549813197723986,stable,0.0,0.0,complete,24,LOW_LOW_HIGH
15072,0.8606178070442487,0.1708961454672171,high,0.0,0.0,weak,0.3562721551450088,0.4363848292023208,moderate,0.5871099052590997,0.1070788569657302,random,0.2556819382337635,0.354355043414377,stable,0.0,0.0,complete,24,LOW_LOW_HIGH
15154,0.86059190133745,0.1714449104734783,high,0.0081154542957502,0.0162309085915005,weak,0.343902228752011,0.4212306009499073,moderate,0.569267984362792,0.0885657477180927,random,0.3323229415720242,0.4116507993379429,stable,0.0,0.0,complete,24,LOW_LOW_HIGH
14660,0.8602349583241237,0.1712798965456979,high,0.0041920287330851,0.0083840574661702,weak,0.3546921332977414,0.4344119042144544,moderate,0.5818764212939345,0.1048283163395654,random,0.2858663164445889,0.3594816192418105,stable,0.0,0.0,complete,24,LOW_LOW_HIGH
17112,0.8602046499456938,0.1719673360026267,high,0.0011940018618368,0.0023880037236737,weak,0.3534567017558563,0.4328949013632677,moderate,0.5939711220454276,0.1241163868452654,random,0.2382121756478463,0.3048140600565981,stable,0.0,0.0,complete,24,LOW_LOW_HIGH
3354,0.860160389556578,0.1714655586444541,high,0.0,0.0,weak,0.343284075199489,0.4204439108935479,moderate,0.53811214311119,0.1015836946091695,random,0.2701402039118992,0.3311943374109768,stable,0.0,0.0,complete,24,LOW_LOW_HIGH
13300,0.8600351873180696,0.171637080325186,high,0.0,0.0,weak,0.3571304645411656,0.4373994595224548,moderate,0.5831252306678152,0.1022180663110447,random,0.3076708438762287,0.3799932748906807,stable,0.0,0.0,complete,24,LOW_LOW_HIGH
17174,0.8599569513049922,0.1720210273454464,high,0.0,0.0,weak,0.3653441321245722,0.4493492238447064,moderate,0.5695376466213429,0.1795594206567869,random,0.3394363930914889,0.4306987062667355,stable,0.0,0.0,complete,24,LOW_LOW_HIGH
21086,0.8599368377659273,0.1716036663244807,high,0.02277590744247,0.0286513569091138,weak,0.3315770917938556,0.4060976604757471,moderate,0.446893816608599,0.0651515078674168,random,0.2548612579753253,0.3130177718015024,stable,0.0,0.0,complete,24,LOW_LOW_HIGH
16494,0.8599350065363801,0.1720067421544513,high,0.0,0.0,weak,0.3380696954343734,0.4142441870571861,moderate,0.5413254092485162,0.0570763975202553,random,0.2412310244390278,0.306894185251317,stable,0.0,0.0,complete,24,LOW_LOW_HIGH
4243,0.8598653142856577,0.1737844104503826,high,0.0009181130108484,0.0018362260216968,weak,0.3360963119819732,0.4122305204859369,moderate,0.4489841020701778,0.0751328506728613,random,0.209633717974557,0.2761225598209817,stable,0.0,0.0,complete,24,LOW_LOW_HIGH
17068,0.8597921317757355,0.1735056985969085,high,0.0149928743001529,0.0299857486003059,weak,0.3406824482692222,0.417300861495045,moderate,0.4986897393135236,0.105146077085531,random,0.2535601598608471,0.3114643109373597,stable,0.0,0.0,complete,24,LOW_LOW_HIGH
15248,0.859774622064123,0.171879237439893,high,0.0063760706116217,0.0127521412232435,weak,0.3374798876947951,0.4133267638466913,moderate,0.4638706092275072,0.0783499513678778,random,0.261688966656839,0.3208972061621767,stable,0.0,0.0,complete,24,LOW_LOW_HIGH
16979,0.859718538840065,0.1720589685655274,high,0.0,0.0,weak,0.340490687271002,0.4170419599126312,moderate,0.5258826772235425,0.0874112002640636,random,0.2590732134415108,0.3173190567140211,stable,0.0,0.0,complete,24,LOW_LOW_HIGH
17406,0.8596683665292255,0.1718718777676643,high,0.0,0.0,weak,0.3250123134120758,0.3982320165377432,moderate,0.5993204115230689,0.1219492490697896,random,0.3439709350478909,0.4234223607167616,stable,0.0,0.0,complete,24,LOW_LOW_HIGH
8967,0.8584964494803431,0.1733110445433838,high,0.0024861569849369,0.0049723139698738,weak,0.3472101605689489,0.4252543994391535,moderate,0.571397039517313,0.091885287026027,random,0.271760595937966,0.338058865846317,stable,0.0,0.0,complete,24,LOW_LOW_HIGH
12186,0.8583757931769203,0.1753079227877179,high,0.0150907981588453,0.028866098379312,weak,0.3407957198396086,0.4177530181583088,moderate,0.5229409327335887,0.0303623074822253,random,0.2336877131087916,0.2896207061866512,stable,0.0,0.0,complete,24,LOW_LOW_HIGH
17196,0.8581645729269851,0.1737540963307932,high,0.0065757179264513,0.0131514358529027,weak,0.3634978518295251,0.4475787075092139,moderate,0.6402130537440297,0.1960248658126691,trending,0.3454219106120687,0.4403882319868267,stable,0.0,0.0,complete,24,LOW_LOW_HIGH
13237,0.8580685522694143,0.1740376577801704,high,0.0,0.0,weak,0.3273693117834491,0.401010501166184,moderate,0.6255521859107954,0.1544047150886427,trending,0.4376964423293765,0.5407279600896147,stable,0.0,0.0,complete,24,LOW_LOW_HIGH
17088,0.8580141297808934,0.1738965462558073,high,0.0018035567486234,0.0036071134972468,weak,0.3425591918630267,0.419552642102843,moderate,0.5025357487889421,0.0591849692887052,random,0.2663547783304717,0.3312440335122156,stable,0.0,0.0,complete,24,LOW_LOW_HIGH
13321,0.8579139139195406,0.1745660674305514,high,0.0,0.0,weak,0.3240298827260616,0.3968560022308633,moderate,0.6316876883108828,0.1628347480977104,trending,0.4525913191968205,0.5607138969323501,stable,0.0,0.0,complete,24,LOW_LOW_HIGH
594,0.8577768351221875,0.1743807260815281,high,0.0025927082603051,0.0051854165206103,weak,0.3350720454323742,0.4103823334676465,moderate,0.5279614002105063,0.0455661976848142,random,0.2305626527878483,0.2897067674612909,stable,0.0,0.0,complete,24,LOW_LOW_HIGH
2468,0.8577767206289959,0.1748058265391537,high,0.0038384441631533,0.0076768883263066,weak,0.3394628278209209,0.4157615203932238,moderate,0.5279467085377421,0.0970453318652813,random,0.2700283221641216,0.3326067659692701,stable,0.0,0.0,complete,24,LOW_LOW_HIGH
18964,0.857756332298815,0.1742141731594103,high,0.0,0.0,weak,0.3385935269849259,0.4147715046068188,moderate,0.5611987033274567,0.0775576462476396,random,0.2557048591594929,0.3389837050625416,stable,0.0,0.0,complete,24,LOW_LOW_HIGH
15877,0.8577498735487437,0.1744349594864684,high,0.0,0.0,weak,0.3380352219926164,0.4140371670812964,moderate,0.5697855570564923,0.0977239735634656,random,0.3017161409234747,0.3699905378946789,stable,0.0,0.0,complete,24,LOW_LOW_HIGH
4992,0.857628520234989,0.1745554893591855,high,0.0,0.0,weak,0.3510987385043912,0.4300647238266852,moderate,0.6081452407694105,0.1362172699464729,trending,0.324069457059191,0.3970333646344657,stable,0.0,0.0,complete,24,LOW_LOW_HIGH
5197,0.8574122878774617,0.1748416396472045,high,0.0029731466488988,0.0054792943507007,weak,0.3450044113896717,0.4225427082458894,moderate,0.5060072944740532,0.0650347998822519,random,0.2821510871555048,0.3468248113213302,stable,0.0,0.0,complete,24,LOW_LOW_HIGH
4445,0.8569290260401783,0.175452280870182,high,0.0,0.0,weak,0.3355307804464315,0.4109397015253775,moderate,0.5106890527257214,0.0850162999600654,random,0.2201265000237975,0.2722581592009135,stable,0.0,0.0,complete,24,LOW_LOW_HIGH
19434,0.8567180223025167,0.1762758536677135,high,0.0124688095404686,0.0230213010733629,weak,0.340235481397026,0.4168213569492567,moderate,0.5020352026407633,0.0635470229996097,random,0.2615838807702132,0.3272936172996742,stable,0.0,0.0,complete,24,LOW_LOW_HIGH
4443,0.8567022674952582,0.1755412352282402,high,0.0,0.0,weak,0.3415029862693267,0.4182975796536471,moderate,0.5779123148327869,0.0959307238711609,random,0.246984682796189,0.304102041696409,stable,0.0,0.0,complete,24,LOW_LOW_HIGH
21083,0.8564729330125754,0.1758195207521491,high,0.0198920450243501,0.0254609796466313,weak,0.3258696165261349,0.3991121948564246,moderate,0.4448888628818149,0.067503674774131,random,0.2493378943175753,0.3076392701620944,stable,0.0,0.0,complete,24,LOW_LOW_HIGH
3585,0.8562759627918789,0.1761185943162712,high,0.0,0.0,weak,0.3412021214350099,0.4179315714810635,moderate,0.577378787487833,0.0948471635450753,random,0.3093506190364573,0.386318183576351,stable,0.0,0.0,complete,24,LOW_LOW_HIGH
16057,0.8562498915826964,0.1761496388480214,high,0.0,0.0,weak,0.3489918285242719,0.4274548946969562,moderate,0.6072426484388694,0.1313481230363171,trending,0.3328461909216377,0.4159180756050477,stable,0.0,0.0,complete,24,LOW_LOW_HIGH
13217,0.8561817781321069,0.1766810506881293,high,0.0,0.0,weak,0.3265941303073764,0.4018608475810221,moderate,0.5983194639430042,0.1255450233649697,random,0.3208415525147977,0.3935952682603606,stable,0.0,0.0,complete,24,LOW_LOW_HIGH
15555,0.8559599633762378,0.1764164228627982,high,0.0,0.0,weak,0.3382875963792315,0.4145572155326875,moderate,0.6022670224523665,0.1280179406077372,trending,0.3051009129285361,0.3736948614530996,stable,0.0,0.0,complete,24,LOW_LOW_HIGH
17282,0.855788103645472,0.1771914264663358,high,0.0,0.0,weak,0.3293416282537481,0.4034197136003705,moderate,0.4795284394290826,0.062561009034966,random,0.239525798240003,0.3007672737637383,stable,0.0,0.0,complete,24,LOW_LOW_HIGH
18895,0.8557620661963184,0.1766823183578337,high,0.0,0.0,weak,0.3487744510264705,0.4271614567193772,moderate,0.5855053199399577,0.1063498975015973,random,0.2855339904816985,0.3586189636897849,stable,0.0,0.0,complete,24,LOW_LOW_HIGH
593,0.8557002764330539,0.1767847715155132,high,0.0,0.0,weak,0.3395305261171996,0.4158455925080704,moderate,0.5908737069158361,0.1119871565615218,random,0.2893426203744514,0.365182665889037,stable,0.0,0.0,complete,24,LOW_LOW_HIGH
15776,0.8556839155987385,0.1780448373045693,high,0.0,0.0,weak,0.3337155685491615,0.4088399003531272,moderate,0.5509044317960268,0.144589540581547,random,0.3553828507136858,0.4514947868510783,stable,0.0,0.0,complete,24,LOW_LOW_HIGH
21828,0.855594928162948,0.1769132194878377,high,0.0,0.0,weak,0.34362413971665,0.4208972309101232,moderate,0.6036248178321977,0.1274376256317505,trending,0.2791337679793201,0.3419930302307752,stable,0.0,0.0,complete,24,LOW_LOW_HIGH
1223,0.8555745615669546,0.1771642140056319,high,0.0,0.0,weak,0.3367710109699213,0.4125981107804461,moderate,0.5258856052336981,0.0597061570997115,random,0.2437573778338108,0.2995759989871201,stable,0.0,0.0,complete,24,LOW_LOW_HIGH
592,0.8555738778002404,0.1770322219627529,high,0.0,0.0,weak,0.3374944892727442,0.413360465519449,moderate,0.5651521281686518,0.0821958463247267,random,0.2668534854952805,0.3315963458591754,stable,0.0,0.0,complete,24,LOW_LOW_HIGH
2347,0.8554652353153778,0.1791250553114896,high,0.0,0.0,weak,0.326678529836735,0.4008055325806761,moderate,0.4940101312955471,0.0560743454628382,random,0.2685485721829496,0.3310408056017452,stable,0.0,0.0,complete,24,LOW_LOW_HIGH
17296,0.8554322863137388,0.1770653755185301,high,0.0055904491852037,0.0110285991611518,weak,0.346065220798981,0.4238421220872646,moderate,0.5494855419669177,0.0637192811257684,random,0.2031616888665332,0.2606167753126585,stable,0.0,0.0,complete,24,LOW_LOW_HIGH
4444,0.8554161639391562,0.1770799179048609,high,0.0,0.0,weak,0.3444717010031143,0.4219103957909126,moderate,0.5911847512834545,0.1141595231810903,random,0.2678914940970823,0.3297939604825003,stable,0.0,0.0,complete,24,LOW_LOW_HIGH
19050,0.8551669612457905,0.1796907921291802,high,0.0022776580699266,0.0029611711076889,weak,0.3428314346601129,0.4200355502166775,moderate,0.5064916110693346,0.07708311218093,random,0.175446079508837,0.2591593350897568,stable,0.0,0.0,complete,24,LOW_LOW_HIGH
11561,0.8549278324205403,0.1792086678538582,high,0.0005022921821157,0.0010045843642314,weak,0.3390047388871947,0.4153522111855606,moderate,0.5156455347833128,0.0722343342009544,random,0.1775496603617702,0.2487015455270261,stable,0.0,0.0,complete,24,LOW_LOW_HIGH
8948,0.8548741194028281,0.1778703087025356,high,0.0,0.0,weak,0.3127834156781121,0.3833811244556589,moderate,0.5937290286624248,0.1309704078897959,random,0.3229677496855407,0.3956729112021313,stable,0.0,0.0,complete,24,LOW_LOW_HIGH
16712,0.8548631876095374,0.1777854002182264,high,0.0017661243521893,0.0035322487043787,weak,0.3569714426396114,0.4372241131399446,moderate,0.5509147917697387,0.0628083199757933,random,0.2741555466440578,0.3371530497304669,stable,0.0,0.0,complete,24,LOW_LOW_HIGH
14527,0.8546084094437582,0.1790278634464517,high,0.0588325188528823,0.080180353894543,weak,0.3388516454095943,0.4153067059306719,moderate,0.4697828280268751,0.0377989110977521,random,0.1863832872951422,0.2458270573165981,stable,0.0,0.0,complete,24,LOW_LOW_HIGH
17212,0.8544681075715623,0.1783924577067781,high,0.0,0.0,weak,0.3397832060320662,0.4164200897098897,moderate,0.5947320063567615,0.1243784198207363,random,0.2808247018324025,0.3523557032936179,stable,0.0,0.0,complete,24,LOW_LOW_HIGH
15308,0.8543735039826803,0.1791899123869308,high,0.0035791937387538,0.0047016479520715,weak,0.3398458872325606,0.4164618033275206,moderate,0.5332820313414631,0.0542565444887582,random,0.2474915184844663,0.3104888597732592,stable,0.0,0.0,complete,24,LOW_LOW_HIGH
10550,0.8543592758549667,0.1784921836160711,high,0.0,0.0,weak,0.3394750075706132,0.4163928342374868,moderate,0.6437957676564088,0.1770199333535252,trending,0.3606178328366933,0.4479316731746551,stable,0.0,0.0,complete,24,LOW_LOW_HIGH
9819,0.8542927943763182,0.1791308926561007,high,0.0,0.0,weak,0.3305937176522163,0.4048948515948991,moderate,0.4981154822069327,0.0471301421507625,random,0.2779129968075333,0.3426545264302152,stable,0.0,0.0,complete,24,LOW_LOW_HIGH
4254,0.8542583042119212,0.180452659822352,high,0.0,0.0,weak,0.3469536922120411,0.4251397889220568,moderate,0.5705205116179052,0.0873788774672096,random,0.2687667083166358,0.3452727654099361,stable,0.0,0.0,complete,24,LOW_LOW_HIGH
21710,0.8542127474724109,0.1785694050419285,high,0.0017976337062223,0.0035952674124447,weak,0.2522767032045307,0.3462399461377732,weak,0.5562090638891597,0.0967461836986031,random,0.3886577906443983,0.5461837609103459,stable,0.0,0.0,complete,24,LOW_LOW_HIGH
3078,0.8541457644967249,0.2917084710065503,high,0.0237356673811847,0.0474713347623694,weak,0.1202912671983574,0.2405825343967149,weak,0.5654154273356495,0.1308308546712992,random,0.0275411876573775,0.055082375314755,stable,0.0,0.0,complete,24,LOW_LOW_HIGH
13302,0.8539648842096934,0.1789860319975263,high,0.0,0.0,weak,0.3323774082693612,0.4071619596039191,moderate,0.6138959989024967,0.1401627193191059,trending,0.4020502695082829,0.4925974478945781,stable,0.0,0.0,complete,24,LOW_LOW_HIGH
13900,0.8539027763616136,0.1790314230378434,high,0.0065375949228479,0.0080762296498843,weak,0.3135028496369195,0.3840875038221314,moderate,0.4923897418914983,0.0442469173146427,random,0.2770322092025685,0.3881661595021775,stable,0.0,0.0,complete,24,LOW_LOW_HIGH
2240,0.8538579685293012,0.179515533260351,high,0.0028023037181092,0.0056046074362184,weak,0.3596076906033098,0.4404527821689114,moderate,0.596771370142072,0.1185477902985321,random,0.269796321390626,0.336809951991404,stable,0.0,0.0,complete,24,LOW_LOW_HIGH
13886,0.8534708395403537,0.1825444862524512,high,0.0446251528194642,0.0722466687245676,weak,0.3714297788212422,0.4563961354762528,moderate,0.6127011846844503,0.1952051316760499,trending,0.2238575331950157,0.3044086218230147,stable,0.0,0.0,complete,24,LOW_LOW_HIGH
11926,0.8533889761009995,0.1796892134832178,high,0.0,0.0,weak,0.2968661167901742,0.364781325932599,weak,0.5934010521031279,0.1144084156304684,random,0.2765621896956759,0.3723902628664332,stable,0.0,0.0,complete,24,LOW_LOW_HIGH
22133,0.8533383834980406,0.1796387840824044,high,0.0031432265959559,0.0062864531919119,weak,0.3199902023060758,0.3919742971019143,moderate,0.5411520200431189,0.1321306278908118,random,0.2875486838041053,0.4034959953896578,stable,0.0,0.0,complete,24,LOW_LOW_HIGH
14854,0.8532716919400529,0.1859381861589014,high,0.0,0.0,weak,0.3530470278001291,0.4324029250357937,moderate,0.540137051695284,0.132977696314731,random,0.3178861784087439,0.3934445873261885,stable,0.0,0.0,complete,24,LOW_LOW_HIGH
15867,0.853221149754345,0.1826590908255187,high,0.0060960299310758,0.0082582658072728,weak,0.3409828120749795,0.4179571598588506,moderate,0.5147161895180605,0.1345952753168976,random,0.2208482065466555,0.2952183916768884,stable,0.0,0.0,complete,24,LOW_LOW_HIGH
4615,0.8531872205089982,0.1799081614172525,high,0.0006120787142665,0.001224157428533,weak,0.3215100466019458,0.3952924346262111,moderate,0.4841697872860758,0.0414593029774161,random,0.242385274486216,0.3054857604001849,stable,0.0,0.0,complete,24,LOW_LOW_HIGH
15020,0.853113710073248,0.1806663547910411,high,0.0,0.0,weak,0.3352681675120428,0.4106185830383116,moderate,0.6181812128486113,0.1459716948185505,trending,0.3915510710020041,0.4933323495970737,stable,0.0,0.0,complete,24,LOW_LOW_HIGH
21940,0.8530886909811508,0.179981759415387,high,0.0,0.0,weak,0.3407981951843969,0.4174638289643649,moderate,0.6202163983305529,0.1478769460947551,trending,0.4127806672860811,0.5138449873315654,stable,0.0,0.0,complete,24,LOW_LOW_HIGH
18322,0.8529929286892631,0.1830940146499294,high,0.0,0.0,weak,0.325781584783352,0.3998816388038191,moderate,0.485988628201138,0.062398682806361,random,0.2384250828136898,0.3041116597768137,stable,0.0,0.0,complete,24,LOW_LOW_HIGH
22030,0.8529549045445506,0.1845262365553581,high,0.0040062446341398,0.0080124892682796,weak,0.3128002343507321,0.3838621279170464,moderate,0.4506979485601294,0.0939663146300404,random,0.2561349036022905,0.3263420064476057,stable,0.0,0.0,complete,24,LOW_LOW_HIGH
17580,0.8529208277782419,0.2941583444435164,high,0.0050488197761051,0.0100976395522103,weak,0.1803644069732825,0.3607288139465649,weak,0.6,0.2,random,0.0979537739356837,0.1959075478713675,stable,0.0,0.0,complete,24,LOW_LOW_HIGH
17218,0.8528777781135167,0.1833689952958004,high,0.0428018788392732,0.0856037576785464,weak,0.3368009901629168,0.4128513236914019,moderate,0.5236222634230762,0.0590631818343608,random,0.2728603923151519,0.3353522541561614,stable,0.0,0.0,complete,24,LOW_LOW_HIGH
22028,0.8528237536247808,0.1852189130507878,high,0.0,0.0,weak,0.3208919383233142,0.3935278951623397,moderate,0.5015296193452772,0.0543875876059994,random,0.3036660888522443,0.372579835079838,stable,0.0,0.0,complete,24,LOW_LOW_HIGH
11122,0.8527350664738748,0.1804794673605031,high,0.0,0.0,weak,0.3385783006070369,0.4147171142837021,moderate,0.5630717800614926,0.0773377070109672,random,0.3077510289392092,0.3918907817468675,stable,0.0,0.0,complete,24,LOW_LOW_HIGH
17294,0.8526244494763123,0.180503352045146,high,0.0,0.0,weak,0.3394373340721982,0.4158236969670791,moderate,0.5840934215214084,0.1041166271501116,random,0.3135642476100092,0.3870163855388088,stable,0.0,0.0,complete,24,LOW_LOW_HIGH
1246,0.852597924698947,0.18062839713645,high,0.0001622764788252,0.0003245529576505,weak,0.3392038619511918,0.4154385618061916,moderate,0.5948749736265712,0.1203747745278472,random,0.2837785131016139,0.3479813639377348,stable,0.0,0.0,complete,24,LOW_LOW_HIGH
15250,0.8525870321392034,0.180898096529304,high,0.0012564824128002,0.0025129648256005,weak,0.3391485465735893,0.415410586989612,moderate,0.5278581382318321,0.0403629899588028,random,0.2762115345857078,0.3391284492628829,stable,0.0,0.0,complete,24,LOW_LOW_HIGH
13277,0.8523722403999937,0.1827488577937369,high,0.0160635053543153,0.0321270107086307,weak,0.3415431411623458,0.4184383210085612,moderate,0.5826526684469269,0.1035016398840276,random,0.299034862360291,0.3870317792390389,stable,0.0,0.0,complete,24,LOW_LOW_HIGH
2957,0.8523500618677939,0.1809716620540623,high,0.0,0.0,weak,0.3267635916696867,0.4002149317497716,moderate,0.5359814987923633,0.0479956459275925,random,0.2725884793030437,0.3354984846048348,stable,0.0,0.0,complete,24,LOW_LOW_HIGH
21829,0.8522973992902102,0.1826240875667099,high,0.0028272003703252,0.0056544007406505,weak,0.3342390794052646,0.4098085334550942,moderate,0.5618132117622089,0.086398589002158,random,0.2297625051982774,0.2880875865362278,stable,0.0,0.0,complete,24,LOW_LOW_HIGH
2507,0.852297234896484,0.1814266394872647,high,0.0118705663463411,0.0147783951003358,weak,0.3360807310358528,0.41185762960816,moderate,0.4610548245486445,0.0585168329249836,random,0.2840286005927305,0.3489369859628041,stable,0.0,0.0,complete,24,LOW_LOW_HIGH
3353,0.8522386463492857,0.181119829390861,high,0.0,0.0,weak,0.3414310188303474,0.4181662505833362,moderate,0.5791573828467933,0.0985731999099453,random,0.3101735176864265,0.3834817006402754,stable,0.0,0.0,complete,24,LOW_LOW_HIGH
13215,0.8522291300746435,0.1814991762721167,high,0.0,0.0,weak,0.3257567808075648,0.4004940177197597,moderate,0.6096996075875213,0.1356112977843316,trending,0.4006242763497764,0.4906684799545811,stable,0.0,0.0,complete,24,LOW_LOW_HIGH
15434,0.8521346652724109,0.1819912592989494,high,0.0016723182373733,0.0033446364747467,weak,0.3417899300941155,0.4186686576562879,moderate,0.5361879160286989,0.0925986737075428,random,0.2524880626871942,0.3151752163627557,stable,0.0,0.0,complete,24,LOW_LOW_HIGH
16493,0.8519133764696377,0.1814362713937027,high,0.0,0.0,weak,0.3423073896117491,0.4192406152372231,moderate,0.6057094639931886,0.1304585379567512,trending,0.2853787638681037,0.3576087397029396,stable,0.0,0.0,complete,24,LOW_LOW_HIGH
18393,0.8519005400946128,0.1845637793503515,high,0.0032319231480627,0.0064638462961255,weak,0.3403541075280017,0.4172453135868784,moderate,0.498290654219301,0.0668027946333957,random,0.1733937625163982,0.2648734569141368,stable,0.0,0.0,complete,24,LOW_LOW_HIGH
8966,0.8517896704032559,0.1816337799140819,high,0.0022911046298954,0.0045822092597909,weak,0.343887534729016,0.4212978011956993,moderate,0.5707493651649328,0.0873965069771685,random,0.2919302738740698,0.3627083956128309,stable,0.0,0.0,complete,24,LOW_LOW_HIGH
17110,0.8517521884464754,0.1815968010298613,high,0.0,0.0,weak,0.3462712255611395,0.4241126943619502,moderate,0.5782687424482005,0.0984565744800067,random,0.2896694945619461,0.366881437766329,stable,0.0,0.0,complete,24,LOW_LOW_HIGH
21711,0.8517051916622007,0.181658314660051,high,0.0,0.0,weak,0.1725321745114481,0.3298597613448534,weak,0.4530813539775939,0.1130171604530391,random,0.3709998236186841,0.5421395712820375,stable,0.0,0.0,complete,24,LOW_LOW_HIGH
10917,0.8516191147147616,0.1817528001263963,high,0.0,0.0,weak,0.3342267031023148,0.4093466818410967,moderate,0.5479557432755073,0.0597325295830378,random,0.2689859858210838,0.3316410070865622,stable,0.0,0.0,complete,24,LOW_LOW_HIGH
20413,0.8515888605825456,0.1841956133279857,high,0.0018884903670884,0.0037769807341769,weak,0.3391667669022931,0.4154178696633736,moderate,0.517131002690801,0.0685838579447989,random,0.2681077641168001,0.3325833792419444,stable,0.0,0.0,complete,24,LOW_LOW_HIGH
3683,0.8515821599078969,0.18450254537734,high,0.0193327010836132,0.0315915356672007,weak,0.3441961798921634,0.4223162501553009,moderate,0.571199392322999,0.0885738787488963,random,0.2582503310185595,0.3317113674899091,stable,0.0,0.0,complete,24,LOW_LOW_HIGH
13476,0.8514257492186385,0.181967772350447,high,0.0,0.0,weak,0.3414992209337071,0.4183035773502677,moderate,0.544453750932577,0.0720292822143796,random,0.2860503263044175,0.3539310816629031,stable,0.0,0.0,complete,24,LOW_LOW_HIGH
16441,0.8512097653570319,0.1826856230325836,high,0.0,0.0,weak,0.3421506886043653,0.4191944245876853,moderate,0.5842374831425732,0.1061390666010314,random,0.287671555148106,0.3584961502403254,stable,0.0,0.0,complete,24,LOW_LOW_HIGH
14189,0.8511092031569076,0.1830457220397767,high,0.0080702330151123,0.0104959070725254,weak,0.3393307193317755,0.4160475640497391,moderate,0.5642743301383848,0.07872372978964,random,0.2264175973269395,0.2913927528776719,stable,0.0,0.0,complete,24,LOW_LOW_HIGH
14889,0.8510905758264098,0.1833336855421602,high,0.0140669005681649,0.017916817942504,weak,0.3400037207546324,0.4166133280027108,moderate,0.4674460586403585,0.0463466351151881,random,0.2507368715178762,0.3241763507723753,stable,0.0,0.0,complete,24,LOW_LOW_HIGH
584,0.8509817725803963,0.1829476433564147,high,0.0009278336989653,0.0018556673979307,weak,0.3438726649177011,0.4211899606749906,moderate,0.5743279353217673,0.0919570634114627,random,0.2627039768272661,0.3254836905770592,stable,0.0,0.0,complete,24,LOW_LOW_HIGH
11563,0.8509495594053327,0.1853941425959234,high,0.0094991788729109,0.0189983577458218,weak,0.3596386071759819,0.4404804500290918,moderate,0.6122931023599798,0.1513679816919008,trending,0.2561923650675654,0.3361212051773418,stable,0.0,0.0,complete,24,LOW_LOW_HIGH
13477,0.8509316545168722,0.183959275490597,high,0.0114533883092828,0.0229067766185656,weak,0.3424877611700622,0.4197521819372957,moderate,0.5684908530874943,0.0853600867799283,random,0.2372348128904184,0.3406433328056196,stable,0.0,0.0,complete,24,LOW_LOW_HIGH
16210,0.8509139199746161,0.1848922029640404,high,0.0141172474106491,0.0282344948212983,weak,0.3482045041297243,0.4267033145508728,moderate,0.5920044007299918,0.1233424606039116,random,0.3222576092682981,0.3959398146317521,stable,0.0,0.0,complete,24,LOW_LOW_HIGH
16183,0.8507819591397995,0.1871223096788653,high,0.000101288042019,0.000202576084038,weak,0.3363197328201693,0.4137187306791068,moderate,0.5705362720547791,0.0869543064050155,random,0.2467969069097456,0.3367673530025997,stable,0.0,0.0,complete,24,LOW_LOW_HIGH
1694,0.8507487087282742,0.1844312913604212,high,0.0033479787434768,0.0066959574869537,weak,0.3641731263810743,0.4461586590993591,moderate,0.6398448135470438,0.1848785562843837,trending,0.3554290771259562,0.4378744013494383,stable,0.0,0.0,complete,24,LOW_LOW_HIGH
16209,0.8507154382279136,0.1859441865249275,high,0.0059970627194665,0.0074026817384989,weak,0.3300948546638927,0.4054383080750539,moderate,0.430408713072848,0.0867704445833591,random,0.2183591481897872,0.2959349621459751,stable,0.0,0.0,complete,24,LOW_LOW_HIGH
4991,0.8506632342052342,0.1843457614195016,high,0.0,0.0,weak,0.3425192787505385,0.4195040144370817,moderate,0.5829737581433567,0.1256656458789497,random,0.288428095610962,0.3533055709528154,stable,0.0,0.0,complete,24,LOW_LOW_HIGH
16708,0.8504807742797386,0.1864267531951935,high,0.0,0.0,weak,0.3271642581504042,0.4018712617667833,moderate,0.4706823763779728,0.0529563916976157,random,0.203216210008145,0.2839426691568891,stable,0.0,0.0,complete,24,LOW_LOW_HIGH
5196,0.8504052878086586,0.1834859348142526,high,0.0,0.0,weak,0.3430749184751036,0.4202555274717412,moderate,0.5894793509107308,0.1147804330937216,random,0.3079016465154437,0.3816919920712162,stable,0.0,0.0,complete,24,LOW_LOW_HIGH
4613,0.8501483949559274,0.183642265839387,high,0.0022239403962294,0.0044478807924588,weak,0.3186879947344286,0.3916006344888401,moderate,0.5056198172375892,0.0069659068124276,random,0.2502366006138646,0.3157638062857634,stable,0.0,0.0,complete,24,LOW_LOW_HIGH
3318,0.8501038957030435,0.193579728087327,high,0.030944419203673,0.0383613963763087,weak,0.3880984808823601,0.4753292712402169,moderate,0.6962813227403932,0.2404664381706528,trending,0.3618773900030506,0.5414196566196368,stable,0.0,0.0,complete,24,LOW_LOW_HIGH
12293,0.8501037120202092,0.1859877321869321,high,0.0048522856944748,0.0083195365446067,weak,0.3364940816663131,0.4125359354041278,moderate,0.5035617120456889,0.0576659637409153,random,0.2555888934013584,0.3158794819297288,stable,0.0,0.0,complete,24,LOW_LOW_HIGH
13250,0.8500255181669438,0.1841417013294921,high,0.0,0.0,weak,0.3430613254810296,0.420240192450952,moderate,0.5740649854419491,0.0916363717522939,random,0.2540113085425536,0.3365628183655845,stable,0.0,0.0,complete,24,LOW_LOW_HIGH
20180,0.8500052052897192,0.1855130127690812,high,0.0,0.0,weak,0.321164018379885,0.3941707980699647,moderate,0.5729979439680266,0.0900671494626671,random,0.2549883276727102,0.3360805103205537,stable,0.0,0.0,complete,24,LOW_LOW_HIGH
2378,0.849701626246075,0.1858060210684294,high,0.0,0.0,weak,0.3628508763714325,0.4448798096469244,moderate,0.6327137958464775,0.1942627359671548,trending,0.268083125933802,0.342780337892464,stable,0.0,0.0,complete,24,LOW_LOW_HIGH
21199,0.849696710564509,0.1840882305276362,high,0.0,0.0,weak,0.3445156943348827,0.4219452107602873,moderate,0.6462523663908584,0.1795808074601648,trending,0.3202789248210475,0.3924547508394769,stable,0.0,0.0,complete,24,LOW_LOW_HIGH
18894,0.8496546298646821,0.1841382853140991,high,0.0,0.0,weak,0.3306918183440622,0.405015979897305,moderate,0.4951754975652054,0.0399480223871963,random,0.2583799150403367,0.3276719989660144,stable,0.0,0.0,complete,24,LOW_LOW_HIGH
